word,level,pos,word_fr,flag,last_seen_date
a,a1,indefinite article,un,green,2026-06-29T14:27:31.827Z
abandon,b2,verb,abandonner,green,2026-06-29T14:27:37.823Z
ability,a2,noun,capacité,yellow,2026-06-29T14:27:41.630Z
able,a2,adjective,capable,green,2026-06-29T14:27:44.926Z
abolish,c1,verb,abolir,green,2026-06-29T14:27:48.427Z
abortion,c1,noun,avortement,green,2026-06-29T14:28:43.662Z
about,a1,adverb,environ,yellow,2026-06-29T14:47:37.027Z
about,a1,preposition,autour de,yellow,2026-06-29T14:47:51.200Z
above,a1,adverb,au-dessus,green,2026-06-29T14:47:55.059Z
above,a1,preposition,au-dessus de,green,2026-06-29T14:47:59.367Z
abroad,a2,adverb,à l'étranger,green,2026-06-29T14:48:04.316Z
absence,c1,noun,absence,yellow,2026-06-29T14:48:09.174Z
absent,c1,adjective,absent,,
absolute,b2,adjective,absolu,,
absolutely,b1,adverb,absolument,,
absorb,b2,verb,absorber,,
abstract,b2,adjective,abstrait,,
absurd,c1,adjective,absurde,,
abundance,c1,noun,abondance,,
abuse,c1,noun,abus,,
abuse,c1,verb,abuser,,
academic,b1,adjective,académique,,
academic,b2,noun,universitaire,,
academy,c1,noun,académie,,
accelerate,c1,verb,accélérer,,
accent,b2,noun,accent,,
accept,a2,verb,accepter,,
acceptable,b2,adjective,acceptable,,
acceptance,c1,noun,acceptation,,
access,b1,noun,entrée,,
access,b1,verb,accéder,,
accessible,c1,adjective,accessible,,
accident,a2,noun,accident,,
accidentally,b2,adverb,accidentellement,,
accommodate,b2,verb,accommoder,,
accommodation,b1,noun,logement,,
accompany,b2,verb,accompagner,,
accomplish,b2,verb,accomplir,,
accomplishment,c1,noun,accomplissement,,
accordance,c1,noun,conformité,,
according to,a2,preposition,selon,,
accordingly,c1,adverb,en conséquence,,
account,b1,noun,compte,,
account,b2,verb,rendre compte de,,
accountability,c1,noun,engagement responsable,,
accountable,c1,adjective,responsable,,
accountant,b2,noun,comptable,,
accounting,,noun,comptabilité,,
accumulate,c1,verb,accumuler,,
accumulation,c1,noun,accumulation,,
accuracy,b2,noun,exactitude,,
accurate,b2,adjective,précis,,
accurately,b2,adverb,précisément,,
accusation,c1,noun,accusation,,
accuse,b2,verb,accuser,,
accused,c1,noun,accusé,,
achieve,a2,verb,accomplir,,
achievement,b1,noun,succès,,
acid,c1,adjective,acide,,
acid,b2,noun,acide,,
acknowledge,b2,verb,reconnaître,,
acquire,b2,verb,acquérir,,
acquisition,c1,noun,acquisition,,
acre,c1,noun,acre,,
across,a1,adverb,à travers,,
across,a1,preposition,à travers,,
act,b1,noun,acte,,
act,a2,verb,faire,,
action,a1,noun,action,,
activate,b2,verb,activer,,
activation,c1,noun,activation,,
active,a2,adjective,actif,,
activist,c1,noun,activiste,,
activity,a1,noun,activité,,
actor,a1,noun,acteur,,
actress,a1,noun,actrice,,
actual,b2,adjective,réel,,
actually,a2,adverb,en fait,,
acute,c1,adjective,aigu,,
ad,b1,noun,pub,,
adapt,b2,verb,adapter,,
adaptation,c1,noun,adaptation,,
add,a1,verb,ajouter,,
addiction,b2,noun,dépendance,,
addition,b1,noun,addition,,
additional,b2,adjective,supplémentaire,,
additionally,b2,adverb,de plus,,
address,a1,noun,adresse,,
address,b2,verb,aborder,,
adequate,b2,adjective,adéquat,,
adequately,b2,adverb,convenablement,,
adhere,c1,verb,adhérer,,
adjacent,c1,adjective,adjacent,,
adjust,b2,verb,ajuster,,
adjustment,c1,noun,ajustement,,
administer,c1,verb,administrer,,
administration,b2,noun,administration,,
administrative,c1,adjective,administratif,,
administrator,c1,noun,administrateur,,
admire,b1,verb,admirer,,
admission,c1,noun,abord,,
admit,b1,verb,admettre,,
adolescent,c1,noun,adolescent,,
adopt,b2,verb,adopter,,
adoption,c1,noun,adoption,,
adult,a2,adjective,adulte,,
adult,a1,noun,adulte,,
advance,b2,adjective,préalable,,
advance,b2,noun,avance,,
advance,b2,verb,avancer,,
advanced,b1,adjective,avancé,,
advantage,a2,noun,avantage,,
adventure,a2,noun,aventure,,
adverse,c1,adjective,adverse,,
advertise,a2,verb,annoncer,,
advertisement,a2,noun,publicité,,
advertising,a2,noun,publicité,,
advice,a1,noun,conseil,,
advise,b1,verb,conseiller,,
advocate,c1,noun,avocat,,
advocate,c1,verb,plaider,,
aesthetic,c1,adjective,esthétique,,
affair,b2,noun,aventure,,
affect,a2,verb,affecter,,
affection,c1,noun,affection,,
afford,b1,verb,se permettre,,
affordable,b2,adjective,abordable,,
afraid,a1,adjective,effrayé,,
after,a2,adverb,après,,
after,a2,conjunction,après,,
after,a1,preposition,après,,
aftermath,c1,noun,conséquences,,
afternoon,a1,noun,après-midi,,
afterwards,b2,adverb,après,,
again,a1,adverb,de nouveau,,
against,a2,preposition,contre,,
age,a1,noun,âge,,
age,b1,verb,vieillir,,
aged,b1,adjective,âgé,,
agency,b2,noun,agence,,
agenda,b2,noun,ordre du jour,,
agent,b1,noun,agent,,
aggression,c1,noun,agression,,
aggressive,b2,adjective,agressif,,
ago,a1,adverb,il y a,,
agree,a1,verb,être d'accord,,
agreement,b1,noun,accord,,
agricultural,c1,adjective,agricole,,
agriculture,b2,noun,agriculture,,
ah,a2,exclamation,ah,,
ahead,b1,adverb,devant,,
aid,b2,noun,aide,,
aid,b2,verb,aider,,
aide,c1,noun,assistant,,
aids,b2,noun,sida,,
aim,b1,noun,cible,,
aim,b1,verb,viser,,
air,a1,noun,air,,
aircraft,b2,noun,avion,,
airline,a2,noun,compagnie aérienne,,
airport,a1,noun,aéroport,,
alarm,b1,noun,alarme,,
alarm,b2,verb,alarmer,,
albeit,c1,conjunction,bien que,,
album,b1,noun,album,,
alcohol,b1,noun,alcool,,
alcoholic,b1,adjective,alcoolique,,
alert,c1,adjective,alerte,,
alert,c1,noun,alarme,,
alert,c1,verb,alerter,,
alien,c1,adjective,étranger,,
alien,b2,noun,étranger,,
align,c1,verb,aligner,,
alignment,c1,noun,alliance,,
alike,c1,adjective,semblable,,
alike,c1,adverb,pareillement,,
alive,a2,adjective,vivant,,
all,a2,adverb,tout,,
all,a1,determiner,tout,,
all,a1,pronoun,tout,,
all right,a2,adjective,correct,,
all right,a2,adverb,bien,,
all right,a2,exclamation,bien,,
allegation,c1,noun,allégation,,
allege,c1,verb,prétendre,,
allegedly,c1,adverb,prétendument,,
alliance,c1,noun,alliance,,
allocate,c1,verb,allouer,,
allocation,c1,noun,allocation,,
allow,a2,verb,laisser,,
allowance,c1,noun,pension alimentaire,,
ally,c1,noun,allié,,
almost,a2,adverb,presque,,
alone,a2,adjective,seul,,
alone,a2,adverb,seul,,
along,a2,adverb,accompagné,,
along,a2,preposition,le long de,,
alongside,b2,preposition,côte-à-côte avec,,
already,a2,adverb,déjà,,
also,a1,adverb,aussi,,
alter,b2,verb,modifier,,
alternative,b1,adjective,alternatif,,
alternative,a2,noun,alternative,,
although,a2,conjunction,quoique,,
altogether,b2,adverb,complètement,,
aluminium,c1,noun,aluminium,,
always,a1,adverb,toujours,,
amateur,c1,adjective,amateur,,
amateur,c1,noun,amateur,,
amazed,b1,adjective,stupéfait,,
amazing,a1,adjective,incroyable,,
ambassador,c1,noun,ambassadeur,,
ambition,b1,noun,ambition,,
ambitious,b1,adjective,ambitieux,,
ambulance,b2,noun,ambulance,,
amend,c1,verb,amender,,
amendment,c1,noun,amendement,,
amid,c1,preposition,au milieu de,,
among,a2,preposition,parmi,,
amount,a2,noun,montant,,
amount,b2,verb,correspondre,,
amusing,b2,adjective,amusant,,
analogy,c1,noun,analogie,,
analyse,b1,verb,analyser,,
analysis,b1,noun,analyse,,
analyst,b2,noun,analyste,,
ancestor,b2,noun,ancêtre,,
anchor,c1,noun,ancre,,
ancient,a2,adjective,antique,,
and,a1,conjunction,et,,
angel,c1,noun,ange,,
anger,b2,noun,colère,,
angle,b2,noun,angle,,
angrily,,adverb,avec colère,,
angry,a1,adjective,en colère,,
animal,a1,noun,animal,,
animation,b2,noun,animation,,
ankle,a2,noun,cheville,,
anniversary,b2,noun,anniversaire,,
announce,b1,verb,annoncer,,
announcement,b1,noun,annonce,,
annoy,b1,verb,agacer,,
annoyed,b1,adjective,contrarié,,
annoying,b1,adjective,agaçant,,
annual,b2,adjective,annuel,,
annually,b2,adverb,annuellement,,
anonymous,c1,adjective,anonyme,,
another,a1,determiner,un autre,,
another,a1,pronoun,un autre,,
answer,a1,noun,réponse,,
answer,a1,verb,répondre,,
anticipate,b2,verb,anticiper,,
anxiety,b2,noun,anxiété,,
anxious,b2,adjective,anxieux,,
any,a2,adverb,aucun,,
any,a1,determiner,aucun,,
any,a1,pronoun,aucun,,
any more,a2,adverb,ne plus,,
anybody,a2,pronoun,quelqu'un,,
anyone,a1,pronoun,n'importe qui,,
anything,a1,pronoun,n'importe quoi,,
anyway,a2,adverb,quoi qu'il en soit,,
anywhere,a2,adverb,n'importe où,,
anywhere,a2,pronoun,quelque part,,
apart,b1,adverb,séparé,,
apartment,a1,noun,appartement,,
apologize,b1,verb,faire l'apologie de,,
apology,b2,noun,excuses,,
app,a2,noun,appli,,
apparatus,c1,noun,appareil,,
apparent,b2,adjective,manifeste,,
apparently,b2,adverb,apparemment,,
appeal,b2,noun,appel,,
appeal,b2,verb,faire appel,,
appealing,c1,adjective,attrayant,,
appear,a2,verb,apparaître,,
appearance,a2,noun,apparence,,
appetite,c1,noun,appétit,,
applaud,c1,verb,applaudir,,
apple,a1,noun,pomme,,
applicable,c1,adjective,applicable,,
applicant,b2,noun,candidat,,
application,b1,noun,application,,
apply,a2,verb,appliquer,,
appoint,c1,verb,fixer,,
appointment,b1,noun,rendez-vous,,
appreciate,b1,verb,apprécier,,
appreciation,c1,noun,reconnaissance,,
approach,b2,noun,approche,,
approach,b2,verb,approcher,,
appropriate,b2,adjective,approprié,,
appropriately,b2,adverb,de manière appropriée,,
approval,b2,noun,approbation,,
approve,b2,verb,approuver,,
approximately,b1,adverb,à peu près,,
april,a1,noun,avril,,
arbitrary,c1,adjective,arbitraire,,
architect,a2,noun,architecte,,
architectural,c1,adjective,architectural,,
architecture,a2,noun,architecture,,
archive,c1,noun,archives,,
area,a1,noun,aire,,
arena,c1,noun,arène,,
arguably,c1,adverb,sans doute,,
argue,a2,verb,se disputer,,
argument,a2,noun,argument,,
arise,b2,verb,se lever,,
arm,a1,noun,bras,,
arm,c1,verb,armer,,
armed,b2,adjective,armé,,
arms,b2,noun,armes,,
army,a2,noun,armée,,
around,a1,adverb,autour de,,
around,a1,preposition,autour de,,
arrange,a2,verb,arranger,,
arrangement,a2,noun,disposition,,
array,c1,noun,tableau,,
arrest,b1,noun,arrestation,,
arrest,b1,verb,arrêter,,
arrival,b1,noun,arrivée,,
arrive,a1,verb,arriver,,
arrow,b2,noun,flèche,,
art,a1,noun,art,,
article,a1,noun,article,,
articulate,c1,verb,articuler,,
artificial,b2,adjective,artificiel,,
artist,a1,noun,artiste,,
artistic,b2,adjective,artistique,,
artwork,b2,noun,œuvre d'art,,
as,a2,adverb,aussi,,
as,a2,conjunction,puisque,,
as,a1,preposition,comme,,
ash,c1,noun,cendre,,
ashamed,b2,adjective,honteux,,
aside,b2,adverb,à côté,,
ask,a1,verb,demander,,
asleep,a2,adjective,endormi,,
aspect,b2,noun,aspect,,
aspiration,c1,noun,aspiration,,
aspire,c1,verb,aspirer,,
assassination,c1,noun,assassinat,,
assault,c1,noun,assaut,,
assault,c1,verb,attaquer,,
assemble,c1,verb,assembler,,
assembly,c1,noun,assemblée,,
assert,c1,verb,asseoir,,
assertion,c1,noun,assertion,,
assess,b2,verb,estimer,,
assessment,b2,noun,évaluation,,
asset,b2,noun,actif,,
assign,b2,verb,assigner,,
assignment,b1,noun,affectation,,
assist,b1,verb,assister,,
assistance,b2,noun,assistance,,
assistant,a2,adjective,adjoint,,
assistant,a2,noun,assistant,,
associate,b2,verb,associer,,
associated,b2,adjective,associé,,
association,b2,noun,association,,
assume,b2,verb,adopter,,
assumption,b2,noun,supposition,,
assurance,c1,noun,culot,,
assure,b2,verb,assurer,,
astonishing,b2,adjective,étonnant,,
asylum,c1,noun,asile,,
at,a1,preposition,à,,
athlete,a2,noun,athlète,,
atmosphere,b1,noun,atmosphère,,
atrocity,c1,noun,atrocité,,
attach,b1,verb,attacher,,
attachment,b2,noun,pièce jointe,,
attack,a2,noun,attaque,,
attack,a2,verb,attaquer,,
attain,c1,verb,atteindre,,
attempt,b2,noun,attentat,,
attempt,b2,verb,essayer,,
attend,a2,verb,assister,,
attendance,c1,noun,présence,,
attention,a2,exclamation,attention,,
attention,a2,noun,attention,,
attitude,b1,noun,attitude,,
attorney,c1,noun,juriste,,
attract,b1,verb,attirer,,
attraction,b1,noun,attraction,,
attractive,a2,adjective,attrayant,,
attribute,c1,noun,attribut,,
attribute,c1,verb,attribuer,,
auction,b2,noun,vente aux enchères,,
audience,a2,noun,audience,,
audio,b2,adjective,audio,,
audit,c1,noun,audit,,
august,a1,noun,août,,
aunt,a1,noun,tante,,
authentic,c1,adjective,authentique,,
author,a2,noun,auteur,,
authority,b1,noun,autorité,,
authorize,c1,verb,autoriser,,
auto,c1,noun,voiture,,
automatic,b2,adjective,automatique,,
automatically,b2,adverb,automatiquement,,
autonomy,c1,noun,autonomie,,
autumn,a1,noun,automne,,
availability,c1,noun,disponibilité,,
available,a2,adjective,disponible,,
average,a2,adjective,moyenne,,
average,a2,noun,moyenne,,
average,b1,verb,moyenner,,
avoid,a2,verb,éviter,,
await,c1,verb,attendre,,
award,a2,noun,prix,,
award,b1,verb,accorder,,
aware,b1,adjective,conscient,,
awareness,b2,noun,conscience,,
away,a1,adverb,loin,,
awful,a2,adjective,horrible,,
awkward,b2,adjective,maladroit,,
baby,a1,noun,bébé,,
back,a2,adjective,de derrière,,
back,a1,adverb,de retour,,
back,a1,noun,dos,,
back,b2,verb,reculer,,
backdrop,c1,noun,contexte,,
background,a2,noun,fond,,
backing,c1,noun,soutien,,
backup,c1,noun,sauvegarde,,
backwards,b1,adverb,en arrière,,
bacteria,b2,noun,bactéries,,
bad,a1,adjective,mauvais,,
badge,b2,noun,insigne,,
badly,a2,adverb,mal,,
bag,a1,noun,sac,,
bail,c1,noun,caution,,
bake,b1,verb,cuire,,
balance,b1,noun,solde,,
balance,b1,verb,apurer,,
balanced,b2,adjective,équilibré,,
ball,a1,noun,balle,,
ballet,b2,noun,ballet,,
balloon,b2,noun,ballon,,
ballot,c1,noun,bulletin de vote,,
ban,b1,noun,interdiction,,
ban,b1,verb,interdire,,
banana,a1,noun,banane,,
band,a1,noun,groupe,,
bank,a1,noun,banque,,
banner,c1,noun,bannière,,
bar,a2,noun,bar,,
bar,b2,verb,barrer,,
bare,c1,adjective,nu,,
barely,b2,adverb,à peine,,
bargain,b2,noun,accord,,
barrel,c1,noun,tonneau,,
barrier,b2,noun,barrière,,
base,b1,noun,base,,
base,b1,verb,baser,,
baseball,a2,noun,balle de baseball,,
based,a2,adjective,basé,,
basement,b2,noun,sous-sol,,
basic,b1,adjective,basique,,
basically,b2,adverb,essentiellement,,
basis,b1,noun,base,,
basket,b2,noun,panier,,
basketball,a2,noun,basket-ball,,
bass,c1,noun,perche,,
bat,b2,noun,chauve-souris,,
bat,c1,verb,frapper,,
bath,a1,noun,bain,,
bathroom,a1,noun,salle de bains,,
battery,b1,noun,batterie,,
battle,b1,noun,bataille,,
battle,b2,verb,lutter,,
battlefield,c1,noun,champ de bataille,,
bay,c1,noun,baie,,
be,a1,verb,avoir,,
be,a1,auxiliary verb,être,,
beach,a1,noun,plage,,
beam,c1,noun,poutre,,
bean,a2,noun,haricot,,
bear,a2,noun,ours,,
bear,b2,verb,porter,,
beast,c1,noun,bête,,
beat,b2,noun,rythme,,
beat,a2,verb,battre,,
beautiful,a1,adjective,beau,,
beauty,b1,noun,beauté,,
because,a1,conjunction,parce que,,
become,a1,verb,devenir,,
bed,a1,noun,lit,,
bedroom,a1,noun,chambre à coucher,,
bee,b1,noun,abeille,,
beef,a2,noun,bœuf,,
beer,a1,noun,bière,,
before,a2,adverb,avant,,
before,a2,conjunction,avant que,,
before,a1,preposition,avant,,
beg,b2,verb,mendier,,
begin,a1,verb,commencer,,
beginning,a1,noun,début,,
behalf,c1,noun,au nom de,,
behave,a2,verb,se conduire,,
behaviour,a2,noun,comportement,,
behind,a1,adverb,derrière,,
behind,a1,preposition,derrière,,
being,b2,noun,être,,
belief,b1,noun,foi,,
believe,a1,verb,croire,,
bell,b1,noun,cloche,,
belong,a2,verb,faire partie,,
beloved,c1,adjective,bien-aimé,,
below,a1,adverb,en dessous de,,
below,a1,preposition,en dessous de,,
belt,a2,noun,ceinture,,
bench,c1,noun,banc,,
benchmark,c1,noun,référence,,
bend,b1,noun,bande,,
bend,b1,verb,courber,,
beneath,c1,preposition,sous,,
beneficial,b2,adjective,bénéfique,,
beneficiary,c1,noun,bénéficiaire,,
benefit,a2,noun,avantage,,
benefit,b1,verb,profiter,,
bent,b2,adjective,courbé,,
beside,b2,preposition,à côté de,,
besides,b2,adverb,en plus de,,
besides,b2,preposition,en plus de,,
best,a1,adjective,meilleur,,
best,a2,adverb,mieux,,
best,a2,noun,mieux,,
bet,b2,noun,pari,,
bet,b2,verb,parier,,
betray,c1,verb,trahir,,
better,a1,adjective,meilleur,,
better,a2,adverb,mieux,,
better,b1,noun,meilleur,,
between,a2,adverb,entre,,
between,a1,preposition,entre,,
beyond,b2,adverb,plus loin,,
beyond,b2,preposition,au delà de,,
bias,b2,noun,préjugé,,
bicycle,a1,noun,vélo,,
bid,b2,noun,enchère,,
bid,b2,verb,faire une enchère,,
big,a1,adjective,grand,,
bike,a1,noun,vélo,,
bill,a1,noun,facture,,
bill,b2,verb,piocher,,
billion,a2,number,milliard,,
bin,a2,noun,boîte,,
bind,c1,verb,relier,,
biography,c1,noun,biographie,,
biological,b2,adjective,biologique,,
biology,a2,noun,biologie,,
bird,a1,noun,oiseau,,
birth,a2,noun,naissance,,
birthday,a1,noun,anniversaire,,
biscuit,a2,noun,biscuit,,
bishop,c1,noun,évêque,,
bit,a2,noun,morceau,,
bite,b1,noun,morsure,,
bite,b1,verb,mordre,,
bitter,b2,adjective,amer,,
bizarre,c1,adjective,bizarre,,
black,a1,adjective,noir,,
black,a1,noun,noir,,
blade,c1,noun,lame,,
blame,b2,noun,blâme,,
blame,b2,verb,reprocher,,
blank,a2,adjective,blanc,,
blank,a2,noun,balle à blanc,,
blanket,b2,noun,couverture,,
blast,c1,noun,bourrasque,,
blast,c1,verb,faire exploser,,
bleed,c1,verb,saigner,,
blend,c1,noun,mélange,,
blend,c1,verb,mélanger,,
bless,c1,verb,bénir,,
blessing,c1,noun,bénédiction,,
blind,b2,adjective,aveugle,,
block,b1,noun,bloc,,
block,b1,verb,boucher,,
blog,a1,noun,blog,,
blonde,a1,adjective,blond,,
blood,a2,noun,sang,,
blow,b2,noun,coup,,
blow,a2,verb,souffler,,
blue,a1,adjective,bleu,,
blue,a1,noun,bleu,,
board,a2,noun,planche,,
board,b1,verb,aborder,,
boast,c1,verb,se vanter,,
boat,a1,noun,bateau,,
body,a1,noun,corps,,
boil,a2,verb,bouillir,,
bold,b2,adjective,audacieux,,
bomb,b1,noun,bombe,,
bomb,b1,verb,bombarder,,
bombing,b2,noun,bombardement,,
bond,b2,noun,lien,,
bone,a2,noun,os,,
bonus,c1,noun,prime,,
book,a1,noun,livre,,
book,a2,verb,réserver,,
booking,b2,noun,réservation,,
boom,c1,noun,boum,,
boost,b2,noun,coup de pouce,,
boost,b2,verb,stimuler,,
boot,a1,noun,botte,,
border,b1,noun,bord,,
border,b2,verb,border,,
bored,a1,adjective,ennuyé,,
boring,a1,adjective,ennuyeux,,
born,a1,verb,naître,,
borrow,a2,verb,emprunter,,
boss,a2,noun,patron,,
both,a1,determiner,les deux,,
both,a1,pronoun,les deux,,
bother,b1,verb,gêner,,
bottle,a1,noun,bouteille,,
bottom,a2,adjective,fond,,
bottom,a2,noun,fond,,
bounce,c1,verb,rebondir,,
bound,b2,adjective,obligé,,
boundary,c1,noun,frontière,,
bow,c1,noun,arc,,
bow,c1,verb,s'incliner,,
bowl,a2,noun,bol,,
box,a1,noun,boîte,,
boy,a1,noun,garçon,,
boyfriend,a1,noun,chum,,
brain,a2,noun,cerveau,,
branch,b1,noun,branche,,
brand,b1,noun,marque,,
brand,b1,verb,flétrir,,
brave,b1,adjective,courageux,,
breach,c1,noun,brèche,,
breach,c1,verb,enfreindre,,
bread,a1,noun,pain,,
break,a1,noun,pause,,
break,a1,verb,se rompre,,
breakdown,c1,noun,dégradation,,
breakfast,a1,noun,petit déjeuner,,
breakthrough,c1,noun,percée,,
breast,b2,noun,poitrine,,
breath,b1,noun,haleine,,
breathe,b1,verb,respirer,,
breathing,b1,noun,respiration,,
breed,c1,noun,race,,
breed,c1,verb,élever,,
brick,b2,noun,brique,,
bride,b1,noun,jeune mariée,,
bridge,a2,noun,pont,,
brief,b2,adjective,bref,,
briefly,b2,adverb,brièvement,,
bright,a2,adjective,lumineux,,
brilliant,a2,adjective,brillant,,
bring,a1,verb,apporter,,
broad,b2,adjective,large,,
broadband,c1,noun,haut débit,,
broadcast,b2,noun,émission,,
broadcast,b2,verb,diffuser,,
broadcaster,b2,noun,diffuseur,,
broadly,b2,adverb,largement,,
broken,a2,adjective,cassé,,
brother,a1,noun,frère,,
brown,a1,adjective,brun,,
brown,a1,noun,brun,,
browser,c1,noun,navigateur,,
brush,a2,noun,brosse,,
brush,a2,verb,peindre,,
brutal,c1,adjective,brutal,,
bubble,b1,noun,bulle,,
buck,c1,noun,bouc,,
buddy,c1,noun,camarade,,
budget,b2,noun,budget,,
buffer,c1,noun,tampon,,
bug,b2,noun,insecte,,
build,a1,verb,construire,,
building,a1,noun,construction,,
bulk,c1,noun,masse,,
bullet,b2,noun,balle,,
bunch,b2,noun,groupe,,
burden,c1,noun,charge,,
bureaucracy,c1,noun,bureaucratie,,
burial,c1,noun,enterrement,,
burn,b2,noun,brûlure,,
burn,a2,verb,brûler,,
burst,c1,verb,éclater,,
bury,b1,verb,enterrer,,
bus,a1,noun,autobus,,
bush,b2,noun,buisson,,
business,a1,noun,affaire,,
businessman,a2,noun,homme d'affaires,,
busy,a1,adjective,occupé,,
but,a1,conjunction,mais,,
but,b2,preposition,mais,,
butter,a1,noun,beurre,,
button,a2,noun,bouton,,
buy,a1,verb,acheter,,
by,b1,adverb,par,,
by,a1,preposition,par,,
bye,a1,exclamation,salut,,
cabin,b2,noun,cabine,,
cabinet,c1,noun,armoire,,
cable,b2,noun,câble,,
cafe,a1,noun,café,,
cake,a1,noun,gâteau,,
calculate,b2,verb,calculer,,
calculation,c1,noun,addition,,
call,a1,noun,appel,,
call,a1,verb,s'appeler,,
calm,b1,adjective,calme,,
calm,b1,noun,calme,,
calm,b1,verb,calmer,,
camera,a1,noun,caméra,,
camp,a2,noun,camp,,
camp,a2,verb,camper,,
campaign,b1,noun,campagne,,
campaign,b1,verb,faire campagne,,
camping,a2,noun,camping,,
campus,b1,noun,campus,,
can,a2,noun,boîte,,
can,a1,modal verb,pouvoir,,
canal,b2,noun,canal,,
cancel,b2,verb,annuler,,
cancer,b2,noun,cancer,,
candidate,b1,noun,candidat,,
candle,b2,noun,bougie,,
cannot,a1,modal verb,ne pas pouvoir,,
canvas,c1,noun,toile,,
cap,b1,noun,bonnet,,
capability,c1,noun,capacité,,
capable,b2,adjective,capable,,
capacity,b2,noun,capacité,,
capital,a1,adjective,capital,,
capital,a1,noun,capital,,
capitalism,c1,noun,capitalisme,,
capitalist,c1,adjective,capitaliste,,
captain,b1,noun,capitaine,,
capture,b2,noun,capture,,
capture,b2,verb,attraper,,
car,a1,noun,auto,,
carbon,b2,noun,carbone,,
card,a1,noun,carte,,
care,a2,noun,souci,,
care,a2,verb,se soucier,,
career,a1,noun,carrière,,
careful,a2,adjective,prudent,,
carefully,a2,adverb,soigneusement,,
careless,b1,adjective,négligent,,
cargo,c1,noun,cargaison,,
carpet,a2,noun,tapis,,
carriage,c1,noun,wagon,,
carrot,a1,noun,carotte,,
carry,a1,verb,porter,,
cartoon,a2,noun,dessin animé,,
carve,c1,verb,buriner,,
case,a2,noun,cas,,
cash,a2,noun,espèces,,
casino,c1,noun,casino,,
cast,b2,noun,jet,,
cast,b2,verb,fondre,,
castle,a2,noun,château,,
casual,b2,adjective,décontracté,,
casualty,c1,noun,victime,,
cat,a1,noun,chat,,
catalogue,c1,noun,catalogue,,
catch,b2,noun,hic,,
catch,a2,verb,attraper,,
category,b1,noun,catégorie,,
cater,c1,verb,satisfaire,,
cattle,c1,noun,bétail,,
cause,a2,noun,cause,,
cause,a2,verb,causer,,
caution,c1,noun,prudence,,
cautious,c1,adjective,prudent,,
cave,b2,noun,grotte,,
cd,a1,noun,CD,,
cease,c1,verb,cesser,,
ceiling,b1,noun,plafond,,
celebrate,a2,verb,fêter,,
celebration,b1,noun,fête,,
celebrity,a2,noun,célébrité,,
cell,b2,noun,cellule,,
cemetery,c1,noun,cimetière,,
cent,a1,noun,cent,,
central,b1,adjective,central,,
centre,a1,noun,Centre,,
centre,b1,verb,centrer,,
century,a1,noun,siècle,,
ceremony,b1,noun,cérémonie,,
certain,a2,adjective,certain,,
certainly,a2,adverb,certainement,,
certainty,b2,noun,certitude,,
certificate,b2,noun,document,,
chain,b1,noun,chaîne,,
chain,b2,verb,chaîner,,
chair,a1,noun,chaise,,
chair,b2,verb,présider,,
chairman,b2,noun,président,,
challenge,b1,noun,défi,,
challenge,b2,verb,défier,,
challenging,b2,adjective,stimulant,,
chamber,c1,noun,chambre,,
champion,b1,noun,champion,,
championship,b2,noun,championnat,,
chance,a2,noun,chance,,
change,a1,noun,monnaie,,
change,a1,verb,changer,,
channel,b1,noun,chaîne,,
chaos,c1,noun,chaos,,
chapter,b1,noun,chapitre,,
character,a2,noun,caractère,,
characteristic,b2,adjective,caractéristique,,
characteristic,b2,noun,caractéristique,,
characterize,c1,verb,caractériser,,
charge,b1,noun,inculpation,,
charge,b1,verb,charger,,
charity,a2,noun,charité,,
charm,c1,noun,charme,,
charming,b2,adjective,charmant,,
chart,a1,noun,graphique,,
chart,b2,verb,tracer,,
charter,c1,noun,charte,,
chase,b2,noun,poursuite,,
chase,b2,verb,poursuivre,,
chat,a2,noun,discussion,,
chat,a2,verb,bavarder,,
cheap,a1,adjective,radin,,
cheap,b1,adverb,radin,,
cheat,b1,noun,menteur,,
cheat,b1,verb,tromper,,
check,a2,noun,addition,,
check,a1,verb,vérifier,,
cheek,b2,noun,joue,,
cheer,b2,noun,acclamation,,
cheer,b2,verb,applaudir,,
cheerful,b1,adjective,joyeux,,
cheese,a1,noun,fromage,,
chef,a2,noun,chef,,
chemical,b1,adjective,chimique,,
chemical,b1,noun,produit chimique,,
chemistry,a2,noun,chimie,,
chest,b1,noun,coffre,,
chicken,a1,noun,poulet,,
chief,b2,adjective,dominant,,
chief,b2,noun,dominant,,
child,a1,noun,enfant,,
childhood,b1,noun,enfance,,
chip,a2,noun,chip,,
chocolate,a1,noun,chocolat,,
choice,a2,noun,choix,,
choir,b2,noun,classe,,
choose,a1,verb,choisir,,
chop,b2,verb,hacher,,
chronic,c1,adjective,chronique,,
chunk,c1,noun,bloc,,
church,a2,noun,église,,
cigarette,a2,noun,cigarette,,
cinema,a1,noun,cinéma,,
circle,a2,noun,cercle,,
circle,a2,verb,encercler,,
circuit,b2,noun,circuit,,
circulate,c1,verb,circuler,,
circulation,c1,noun,circulation,,
circumstance,b2,noun,circonstance,,
cite,b2,verb,citer,,
citizen,b2,noun,citoyen,,
citizenship,c1,noun,citoyenneté,,
city,a1,noun,ville,,
civic,c1,adjective,civique,,
civil,b2,adjective,civil,,
civilian,c1,adjective,civil,,
civilian,c1,noun,civil,,
civilization,b2,noun,civilisation,,
claim,b1,noun,réclamation,,
claim,b1,verb,revendiquer,,
clarify,b2,verb,développer,,
clarity,c1,noun,clarté,,
clash,c1,noun,fracas,,
class,a1,noun,classe,,
classic,b2,adjective,classique,,
classic,b2,noun,classique,,
classical,a2,adjective,classique,,
classification,c1,noun,classification,,
classify,b2,verb,classifier,,
classroom,a1,noun,salle de classe,,
clause,b1,noun,clause,,
clean,a1,adjective,pur,,
clean,a1,verb,nettoyer,,
cleaning,,noun,nettoyage,,
clear,a2,adjective,clair,,
clear,b1,verb,débarrasser,,
clearly,a2,adverb,clairement,,
clerk,b2,noun,greffier,,
clever,a2,adjective,habile,,
click,b1,noun,clic,,
click,b1,verb,cliquer,,
client,b1,noun,client,,
cliff,b2,noun,falaise,,
climate,a2,noun,climat,,
climb,b1,noun,ascension,,
climb,a1,verb,grimper,,
cling,c1,verb,accrocher,,
clinic,b2,noun,clinique,,
clinical,c1,adjective,clinique,,
clip,b2,noun,extrait,,
clock,a1,noun,horloge,,
close,a2,adjective,proche,,
close,b1,adverb,proche,,
close,b2,noun,fin,,
close,a1,verb,fermer,,
closed,a2,adjective,fermé,,
closely,b2,adverb,étroitement,,
closure,c1,noun,fermeture,,
cloth,b1,noun,tissu,,
clothes,a1,noun,vêtements,,
clothing,a2,noun,vêtements,,
cloud,a2,noun,nuage,,
club,a1,noun,club,,
clue,b1,noun,indice,,
cluster,c1,noun,grappe,,
coach,a2,noun,coche,,
coach,b1,verb,entraîner,,
coal,b1,noun,charbon,,
coalition,c1,noun,coalition,,
coast,a2,noun,côte,,
coastal,c1,adjective,côtier,,
coat,a1,noun,manteau,,
cocktail,c1,noun,cocktail,,
code,a2,noun,code,,
coffee,a1,noun,café,,
cognitive,c1,adjective,cognitif,,
coin,b1,noun,jeton,,
coincide,c1,verb,coïncider,,
coincidence,b2,noun,coïncidence,,
cold,a1,adjective,froid,,
cold,a1,noun,rhume,,
collaborate,c1,verb,collaborer,,
collaboration,c1,noun,collaboration,,
collapse,b2,noun,effondrement,,
collapse,b2,verb,s'effondrer,,
colleague,a2,noun,collègue,,
collect,a2,verb,rassembler,,
collection,b1,noun,collection,,
collective,c1,adjective,collectif,,
collector,b2,noun,collecteur,,
college,a1,noun,université,,
collision,c1,noun,collision,,
colonial,c1,adjective,colonial,,
colony,b2,noun,colonie,,
colour,a1,noun,couleur,,
coloured,b1,adjective,coloré,,
colourful,b2,adjective,coloré,,
column,a2,noun,colonne,,
columnist,c1,noun,chroniqueur,,
combat,c1,noun,combat,,
combat,c1,verb,combattre,,
combination,b2,noun,combinaison,,
combine,b1,verb,combiner,,
come,a1,verb,venir,,
comedy,a2,noun,comédie,,
comfort,b2,noun,confort,,
comfort,b2,verb,consoler,,
comfortable,a2,adjective,confortable,,
comic,b2,adjective,comique,,
comic,b2,noun,bande dessinée,,
command,b2,noun,commandement,,
command,b2,verb,commander,,
commander,b2,noun,commandeur,,
commence,c1,verb,commencer,,
comment,a2,noun,commentaire,,
comment,b1,verb,commenter,,
commentary,c1,noun,commentaire,,
commentator,c1,noun,commentateur,,
commerce,c1,noun,commerce,,
commercial,b1,adjective,commercial,,
commercial,b1,noun,publicité,,
commission,b2,noun,commission,,
commission,b2,verb,commander,,
commissioner,c1,noun,commissaire,,
commit,b1,verb,confier,,
commitment,b2,noun,engagement,,
committee,b2,noun,comité,,
commodity,c1,noun,produit,,
common,a1,adjective,commun,,
commonly,b2,adverb,fréquemment,,
communicate,a2,verb,communiquer,,
communication,b1,noun,communication,,
communist,c1,adjective,communiste,,
community,a2,noun,communauté,,
companion,c1,noun,compagnon,,
company,a1,noun,compagnie,,
comparable,c1,adjective,comparable,,
comparative,b2,adjective,comparatif,,
compare,a1,verb,comparer,,
comparison,b1,noun,comparaison,,
compassion,c1,noun,compassion,,
compel,c1,verb,obliger,,
compelling,c1,adjective,convaincant,,
compensate,c1,verb,compenser,,
compensation,c1,noun,compensation,,
compete,a2,verb,rivaliser,,
competence,c1,noun,compétence,,
competent,c1,adjective,compétent,,
competition,a2,noun,concours,,
competitive,b1,adjective,compétitif,,
competitor,b1,noun,concurrent,,
compile,c1,verb,compiler,,
complain,a2,verb,se plaindre,,
complaint,b1,noun,plainte,,
complement,c1,verb,compléter,,
complete,a1,adjective,complet,,
complete,a1,verb,compléter,,
completely,a2,adverb,complètement,,
completion,b2,noun,achèvement,,
complex,b1,adjective,complexe,,
complex,b2,noun,complexe,,
complexity,c1,noun,complexité,,
compliance,c1,noun,conformité,,
complicated,b2,adjective,compliqué,,
complication,c1,noun,complication,,
comply,c1,verb,se conformer,,
component,b2,noun,composant,,
compose,b2,verb,composer,,
composer,b2,noun,compositeur,,
composition,c1,noun,composition,,
compound,b2,noun,composé,,
comprehensive,b2,adjective,complet,,
comprise,b2,verb,contenir,,
compromise,c1,noun,compromis,,
compromise,c1,verb,compromettre,,
compulsory,b2,adjective,obligatoire,,
compute,c1,verb,computer,,
computer,a1,noun,ordinateur,,
conceal,c1,verb,cacher,,
concede,c1,verb,concéder,,
conceive,c1,verb,concevoir,,
concentrate,b1,verb,se concentrer,,
concentration,b2,noun,concentration,,
concept,b2,noun,concept,,
conception,c1,noun,conception,,
concern,b2,noun,importance,,
concern,b2,verb,concerner,,
concerned,b2,adjective,concerné,,
concert,a1,noun,concert,,
concession,c1,noun,concession,,
conclude,b1,verb,conclure,,
conclusion,b1,noun,conclusion,,
concrete,b2,adjective,concret,,
concrete,b2,noun,béton,,
condemn,c1,verb,condamner,,
condition,a2,noun,condition,,
conduct,b2,noun,comportement,,
conduct,b2,verb,conduire,,
confer,c1,verb,conférer,,
conference,a2,noun,conférence,,
confess,b2,verb,avouer,,
confession,c1,noun,confession,,
confidence,b2,noun,confiance,,
confident,b1,adjective,assuré,,
configuration,c1,noun,configuration,,
confine,c1,verb,confiner,,
confirm,b1,verb,confirmer,,
confirmation,c1,noun,confirmation,,
conflict,b2,noun,conflit,,
conflict,b2,verb,être en conflit,,
confront,c1,verb,confronter,,
confrontation,c1,noun,confrontation,,
confuse,b1,verb,confondre,,
confused,b1,adjective,embrouillé,,
confusing,b2,adjective,complexe,,
confusion,b2,noun,désordre,,
congratulate,c1,verb,féliciter,,
congregation,c1,noun,assemblée,,
congressional,c1,adjective,du Congrès,,
connect,a2,verb,connecter,,
connected,a2,adjective,cohérent,,
connection,b1,noun,connexion,,
conquer,c1,verb,conquérir,,
conscience,c1,noun,conscience,,
conscious,b2,adjective,conscient,,
consciousness,c1,noun,conscience,,
consecutive,c1,adjective,consécutif,,
consensus,c1,noun,consensus,,
consent,c1,noun,consentement,,
consent,c1,verb,consentir,,
consequence,b1,noun,conséquence,,
consequently,b2,adverb,par conséquent,,
conservation,b2,noun,défense,,
conservative,b2,adjective,prudent,,
conservative,b2,noun,conservateur,,
conserve,c1,verb,conserver,,
consider,a2,verb,considérer,,
considerable,b2,adjective,considérable,,
considerably,b2,adverb,considérablement,,
consideration,b2,noun,considération,,
consist,b1,verb,consister,,
consistency,c1,noun,consistance,,
consistent,b2,adjective,cohérent,,
consistently,b2,adverb,systématiquement,,
consolidate,c1,verb,consolider,,
conspiracy,b2,noun,conspiration,,
constant,b2,adjective,constant,,
constantly,b2,adverb,constamment,,
constituency,c1,noun,circonscription électorale,,
constitute,c1,verb,constituer,,
constitution,c1,noun,constitution,,
constitutional,c1,adjective,constitutionnel,,
constraint,c1,noun,contrainte,,
construct,b2,verb,construire,,
construction,b2,noun,construction,,
consult,b2,verb,consulter,,
consultant,b2,noun,consultant,,
consultation,c1,noun,consultation,,
consume,b1,verb,consommer,,
consumer,b1,noun,consommateur,,
consumption,b2,noun,consommation,,
contact,b1,noun,contact,,
contact,b1,verb,contacter,,
contain,a2,verb,contenir,,
container,b1,noun,récipient,,
contemplate,c1,verb,contempler,,
contemporary,b2,adjective,contemporain,,
contempt,c1,noun,mépris,,
contend,c1,verb,soutenir,,
contender,c1,noun,concurrent,,
content,c1,adjective,content,,
content,b1,noun,contenu,,
contention,c1,noun,désaccord,,
contest,b2,noun,concours,,
contest,b2,verb,contester,,
context,a2,noun,contexte,,
continent,a2,noun,continent,,
continually,c1,adverb,continuellement,,
continue,a2,verb,continuer,,
continuous,b1,adjective,continu,,
contract,b2,noun,contrat,,
contract,b2,verb,contracter,,
contractor,c1,noun,sous-traitant,,
contradiction,c1,noun,contradiction,,
contrary,c1,adjective,contraire,,
contrary,c1,noun,contraire,,
contrast,b1,noun,contraste,,
contrast,b1,verb,contraster,,
contribute,b2,verb,contribuer,,
contribution,b2,noun,contribution,,
contributor,c1,noun,contributeur,,
control,a2,noun,contrôle,,
control,a2,verb,contrôler,,
controversial,b2,adjective,controversé,,
controversy,b2,noun,polémique,,
convenience,b2,noun,commodité,,
convenient,b1,adjective,commode,,
convention,b2,noun,convention,,
conventional,b2,adjective,conventionnel,,
conversation,a1,noun,conversation,,
conversion,c1,noun,transformation,,
convert,b2,verb,convertir,,
convey,b2,verb,transporter,,
convict,c1,verb,reconnaître coupable,,
conviction,c1,noun,conviction,,
convince,b1,verb,convaincre,,
convinced,b2,adjective,convaincu,,
convincing,b2,adjective,convaincant,,
cook,a2,noun,cuisinier,,
cook,a1,verb,cuire,,
cooker,a2,noun,cuisinière,,
cooking,a1,noun,cuisine,,
cool,a1,adjective,cool,,
cool,b1,verb,refroidir,,
cooperate,c1,verb,coopérer,,
cooperative,c1,adjective,coopératif,,
coordinate,c1,verb,coordonner,,
coordination,c1,noun,coordination,,
coordinator,c1,noun,coordonnateur,,
cop,c1,noun,flic,,
cope,b2,verb,se débrouiller,,
copper,c1,noun,cuivré,,
copy,a2,noun,copie,,
copy,a2,verb,copier,,
copyright,c1,noun,droit d'auteur,,
core,b2,adjective,centre,,
core,b2,noun,centre,,
corner,a2,noun,coin,,
corporate,b2,adjective,d'entreprise,,
corporation,b2,noun,corporation,,
correct,a1,adjective,correct,,
correct,a1,verb,corriger,,
correction,c1,noun,correction,,
correctly,a2,adverb,correctement,,
correlate,c1,verb,corréler,,
correlation,c1,noun,corrélation,,
correspond,c1,verb,correspondre,,
correspondence,c1,noun,correspondance,,
correspondent,c1,noun,correspondant,,
corresponding,c1,adjective,correspondant,,
corridor,b2,noun,couloir,,
corrupt,c1,adjective,corrompu,,
corruption,c1,noun,corruption,,
cost,a1,noun,coût,,
cost,a1,verb,coûter,,
costly,c1,adjective,coûteux,,
costume,b1,noun,costume,,
cottage,b1,noun,cottage,,
cotton,b1,noun,coton,,
could,a1,modal verb,pourrait,,
council,b2,noun,conseil,,
councillor,c1,noun,conseiller municipal,,
counselling,c1,noun,accompagnement psychologique,,
counsellor,c1,noun,conseiller,,
count,b1,noun,comte,,
count,a2,verb,compter,,
counter,b2,noun,compteur,,
counter,c1,verb,contre,,
counterpart,c1,noun,contre-partie,,
countless,c1,adjective,innombrable,,
country,a1,noun,pays,,
countryside,b1,noun,campagne,,
county,b2,noun,département,,
coup,c1,noun,coup d'État,,
couple,a2,noun,couple,,
courage,b2,noun,courage,,
course,a1,noun,cours,,
court,b1,noun,cour,,
courtesy,c1,noun,indulgence,,
cousin,a1,noun,cousin,,
cover,b1,noun,couverture,,
cover,a2,verb,couvrir,,
coverage,b2,noun,couverture,,
covered,b1,adjective,couvert,,
cow,a1,noun,vache,,
crack,b2,noun,fissure,,
crack,b2,verb,craquer,,
craft,b2,noun,artisanat,,
craft,c1,verb,façonner,,
crash,b2,noun,descente,,
crash,b2,verb,planter,,
crawl,c1,verb,ramper,,
crazy,a2,adjective,fou,,
cream,b1,adjective,crème,,
cream,a1,noun,crème,,
create,a1,verb,créer,,
creation,b2,noun,création,,
creative,a2,adjective,créatif,,
creativity,b2,noun,créativité,,
creator,c1,noun,créateur,,
creature,b2,noun,créature,,
credibility,c1,noun,crédibilité,,
credible,c1,adjective,crédible,,
credit,a2,noun,crédit,,
credit,b2,verb,créditer,,
creep,c1,verb,ramper,,
crew,b2,noun,équipe,,
crime,a2,noun,crime,,
criminal,b1,adjective,criminel,,
criminal,a2,noun,criminel,,
crisis,b2,noun,crise,,
criterion,b2,noun,critère,,
critic,b2,noun,critique,,
critical,b2,adjective,critique,,
critically,b2,adverb,de façon critique,,
criticism,b2,noun,critique,,
criticize,b2,verb,critiquer,,
critique,c1,noun,critique,,
crop,b2,noun,récolte,,
cross,a2,noun,croix,,
cross,a2,verb,croiser,,
crowd,a2,noun,foule,,
crowded,a2,adjective,bondé,,
crown,c1,noun,milieu,,
crucial,b2,adjective,crucial,,
crude,c1,adjective,cru,,
cruel,b1,adjective,cruel,,
cruise,b2,noun,croisière,,
cruise,b2,verb,croiser,,
crush,c1,verb,s'écraser,,
cry,b2,noun,cri,,
cry,a2,verb,pleurer,,
crystal,c1,noun,cristal,,
cue,b2,noun,signal,,
cult,c1,adjective,culte,,
cult,c1,noun,culte,,
cultivate,c1,verb,cultiver,,
cultural,b1,adjective,culturel,,
culture,a1,noun,culture,,
cup,a1,noun,tasse,,
cupboard,a2,noun,armoire,,
cure,b2,noun,traitement,,
cure,b2,verb,soigner,,
curiosity,c1,noun,curiosité,,
curious,b2,adjective,curieux,,
curly,a2,adjective,bouclé,,
currency,b1,noun,monnaie,,
current,b1,adjective,courant,,
current,b2,noun,courant,,
currently,b1,adverb,actuellement,,
curriculum,b2,noun,programme scolaire,,
curtain,b1,noun,rideau,,
curve,b2,noun,courbe,,
curve,b2,verb,courber,,
curved,b2,adjective,courbé,,
custody,c1,noun,garde,,
custom,b1,noun,coutume,,
customer,a1,noun,client,,
cut,b1,noun,coupe,,
cut,a1,verb,couper,,
cute,b2,adjective,mignon,,
cutting,c1,noun,découpage,,
cycle,a2,noun,cycle,,
cycle,a2,verb,passer par un cycle,,
cynical,c1,adjective,cynique,,
dad,a1,noun,papa,,
daily,a2,adjective,quotidien,,
daily,b1,adverb,quotidiennement,,
dairy,b2,adjective,laitier,,
dairy,b2,noun,alimentation générale,,
dam,c1,noun,barrage,,
damage,b1,noun,dégât,,
damage,b1,verb,endommager,,
damaging,c1,adjective,préjudiciable,,
dance,a1,noun,danse,,
dance,a1,verb,danser,,
dancer,a1,noun,danseur,,
dancing,a1,noun,danse,,
danger,a2,noun,danger,,
dangerous,a1,adjective,dangereux,,
dare,b2,verb,oser,,
dark,a1,adjective,obscur,,
dark,a2,noun,obscurité,,
darkness,b2,noun,obscurité,,
data,a2,noun,données,,
database,b2,noun,base de données,,
date,a1,noun,date,,
date,b2,verb,dater,,
daughter,a1,noun,fille,,
dawn,c1,noun,aube,,
day,a1,noun,jour,,
dead,a2,adjective,mort,,
deadline,b2,noun,date butoir,,
deadly,b2,adjective,mortel,,
deal,b1,noun,contrat,,
deal,a2,verb,distribuer,,
dealer,b2,noun,dealer,,
dear,a1,adjective,cher,,
dear,a2,exclamation,cher,,
death,a2,noun,mort,,
debate,b2,noun,débat,,
debate,b2,verb,débattre,,
debris,c1,noun,débris,,
debt,b2,noun,dette,,
debut,c1,noun,début,,
decade,b1,noun,dizaine,,
december,a1,noun,décembre,,
decent,b2,adjective,convenable,,
decide,a1,verb,décider,,
decision,a2,noun,décision,,
decision-making,c1,noun,prise de décision,,
decisive,c1,adjective,décisif,,
deck,b2,noun,pont,,
declaration,c1,noun,déclaration,,
declare,b2,verb,déclarer,,
decline,b2,noun,déclin,,
decline,b2,verb,décliner,,
decorate,b1,verb,décorer,,
decoration,b2,noun,décoration,,
decrease,b2,noun,diminution,,
decrease,b2,verb,diminuer,,
dedicated,c1,adjective,dévoué,,
dedication,c1,noun,dédicace,,
deed,c1,noun,haut fait,,
deem,c1,verb,croire,,
deep,a2,adjective,profond,,
deep,b1,adverb,profond,,
deeply,b2,adverb,profondément,,
default,c1,noun,défaut,,
defeat,b2,noun,défaite,,
defeat,b2,verb,vaincre,,
defect,c1,noun,défaut,,
defence,b2,noun,défense,,
defend,b2,verb,défendre,,
defender,b2,noun,défenseur,,
defensive,c1,adjective,défensif,,
deficiency,c1,noun,déficience,,
deficit,c1,noun,déficit budgétaire,,
define,b1,verb,définir,,
definite,b1,adjective,définitif,,
definitely,a2,adverb,décidément,,
definition,b1,noun,définition,,
defy,c1,verb,défier,,
degree,a2,noun,degré,,
delay,b2,noun,délai,,
delay,b2,verb,retarder,,
delegate,c1,noun,délégué,,
delegation,c1,noun,délégation,,
delete,b2,verb,supprimer,,
deliberate,b2,adjective,délibéré,,
deliberately,b2,adverb,exprès,,
delicate,c1,adjective,délicat,,
delicious,a1,adjective,savoureux,,
delight,b2,noun,délice,,
delight,b2,verb,enchanter,,
delighted,b2,adjective,ravi,,
deliver,b1,verb,livrer,,
delivery,b2,noun,accouchement,,
demand,b2,noun,demande,,
demand,b2,verb,exiger,,
democracy,b2,noun,démocratie,,
democratic,b2,adjective,démocratique,,
demon,c1,noun,démon,,
demonstrate,b2,verb,démontrer,,
demonstration,b2,noun,manifestation,,
denial,c1,noun,déni,,
denounce,c1,verb,dénoncer,,
dense,c1,adjective,dense,,
density,c1,noun,densité,,
dentist,a2,noun,dentiste,,
deny,b2,verb,nier,,
depart,b2,verb,partir,,
department,a2,noun,ministère,,
departure,b1,noun,départ,,
depend,a2,verb,dépendre,,
dependence,c1,noun,dépendance,,
dependent,b2,adjective,dépendant,,
depict,c1,verb,représenter,,
deploy,c1,verb,déployer,,
deployment,c1,noun,déploiement,,
deposit,b2,noun,dépôt,,
deposit,c1,verb,déposer,,
depressed,b2,adjective,déprimé,,
depressing,b2,adjective,déprimant,,
depression,b2,noun,dépression,,
deprive,c1,verb,priver,,
depth,b2,noun,profondeur,,
deputy,c1,noun,député,,
derive,b2,verb,dériver,,
descend,c1,verb,descendre,,
descent,c1,noun,origine,,
describe,a1,verb,décrire,,
description,a1,noun,description,,
desert,a2,noun,désert,,
desert,b2,verb,déserter,,
deserve,b2,verb,mériter,,
design,a1,noun,plan,,
design,a1,verb,concevoir,,
designate,c1,verb,désigner,,
designer,a2,noun,designer,,
desirable,c1,adjective,souhaitable,,
desire,b2,noun,désir,,
desire,b2,verb,désirer,,
desk,a1,noun,bureau,,
desktop,c1,noun,bureau,,
desperate,b2,adjective,désespéré,,
desperately,b2,adverb,désespérément,,
despite,b1,preposition,en dépit de,,
destination,b1,noun,destination,,
destroy,a2,verb,détruire,,
destruction,b2,noun,destruction,,
destructive,c1,adjective,destructif,,
detail,a1,noun,détail,,
detail,b2,verb,détailler,,
detailed,b2,adjective,détaillé,,
detain,c1,verb,détenir,,
detect,b2,verb,déceler,,
detection,c1,noun,détection,,
detective,a2,noun,détective,,
detention,c1,noun,arrestation,,
deteriorate,c1,verb,détériorer,,
determination,b2,noun,détermination,,
determine,b1,verb,déterminer,,
determined,b1,adjective,déterminé,,
devastate,c1,verb,dévaster,,
develop,a2,verb,se développer,,
development,b1,noun,développement,,
device,a2,noun,appareil,,
devil,c1,noun,diable,,
devise,c1,verb,concevoir,,
devote,b2,verb,consacrer,,
diagnose,c1,verb,diagnostiquer,,
diagnosis,c1,noun,diagnostic,,
diagram,b1,noun,diagramme,,
dialogue,a1,noun,dialogue,,
diamond,b1,noun,diamant,,
diary,a2,noun,journal intime,,
dictate,c1,verb,dicter,,
dictator,c1,noun,dictateur,,
dictionary,a1,noun,dictionnaire,,
die,a1,verb,mourir,,
diet,a1,noun,régime,,
differ,b2,verb,différer,,
difference,a1,noun,différence,,
different,a1,adjective,différent,,
differentiate,c1,verb,différencier,,
differently,a2,adverb,différemment,,
difficult,a1,adjective,difficile,,
difficulty,b1,noun,difficulté,,
dig,b2,verb,creuser,,
digital,a2,adjective,numérique,,
dignity,c1,noun,dignité,,
dilemma,c1,noun,dilemme,,
dimension,c1,noun,dimension,,
diminish,c1,verb,réduire,,
dinner,a1,noun,dîner,,
dip,c1,verb,tremper,,
diplomat,c1,noun,diplomate,,
diplomatic,c1,adjective,diplomatique,,
direct,a2,adjective,direct,,
direct,b1,adverb,direct,,
direct,b1,verb,diriger,,
direction,a2,noun,direction,,
directly,b1,adverb,directement,,
director,a2,noun,directeur,,
directory,c1,noun,annuaire,,
dirt,b1,noun,terre,,
dirty,a1,adjective,sale,,
disability,b2,noun,handicap,,
disabled,b2,adjective,handicapé,,
disadvantage,b1,noun,désavantage,,
disagree,a2,verb,être en désaccord,,
disagreement,b2,noun,désaccord,,
disappear,a2,verb,disparaître,,
disappoint,b2,verb,décevoir,,
disappointed,b1,adjective,déçu,,
disappointing,b1,adjective,décevant,,
disappointment,b2,noun,déception,,
disaster,a2,noun,désastre,,
disastrous,c1,adjective,désastreux,,
disc,b2,noun,disque,,
discard,c1,verb,rejeter,,
discharge,c1,verb,partir,,
discipline,b2,noun,discipline,,
disclose,c1,verb,révéler,,
disclosure,c1,noun,révélation,,
discount,b1,noun,rabais,,
discount,b2,verb,minimiser,,
discourage,b2,verb,décourager,,
discourse,c1,noun,discours,,
discover,a2,verb,découvrir,,
discovery,a2,noun,découverte,,
discretion,c1,noun,discrétion,,
discrimination,c1,noun,discrimination,,
discuss,a1,verb,discuter,,
discussion,a2,noun,discussion,,
disease,a2,noun,maladie,,
dish,a1,noun,plat,,
dishonest,b2,adjective,malhonnête,,
disk,b2,noun,disque,,
dislike,b1,noun,aversion,,
dislike,b1,verb,ne pas aimer,,
dismiss,b2,verb,renvoyer,,
dismissal,c1,noun,licenciement,,
disorder,b2,noun,désordre,,
displace,c1,verb,déplacer,,
display,b2,noun,représentation,,
display,b2,verb,afficher,,
disposal,c1,noun,élimination,,
dispose,c1,verb,se débarrasser de,,
dispute,c1,noun,dispute,,
dispute,c1,verb,contester,,
disrupt,c1,verb,perturber,,
disruption,c1,noun,interruption,,
dissolve,c1,verb,dissoudre,,
distance,a2,noun,distance,,
distant,b2,adjective,lointain,,
distinct,b2,adjective,distinct,,
distinction,c1,noun,distinction,,
distinctive,c1,adjective,distinctif,,
distinguish,b2,verb,distinguer,,
distort,c1,verb,déformer,,
distract,b2,verb,distraire,,
distress,c1,noun,détresse,,
distress,c1,verb,attrister,,
distribute,b2,verb,distribuer,,
distribution,b2,noun,distribution,,
district,b2,noun,district,,
disturb,b2,verb,déranger,,
disturbing,c1,adjective,dérangeant,,
dive,b2,noun,piqué,,
dive,b2,verb,plonger,,
diverse,b2,adjective,divers,,
diversity,b2,noun,diversité,,
divert,c1,verb,dévier,,
divide,b2,noun,fossé,,
divide,b1,verb,diviser,,
divine,c1,adjective,divin,,
division,b2,noun,division,,
divorce,b2,noun,divorce,,
divorce,b2,verb,divorcer,,
divorced,a2,adjective,divorcé,,
do,a1,verb,faire,,
do,a1,auxiliary verb,faire,,
doctor,a1,noun,médecin,,
doctrine,c1,noun,doctrine,,
document,a2,noun,document,,
document,b2,verb,documenter,,
documentary,b1,noun,documentaire,,
documentation,c1,noun,documentation,,
dog,a1,noun,chien,,
dollar,a1,noun,dollar,,
domain,c1,noun,domaine,,
domestic,b2,adjective,domestique,,
dominance,c1,noun,dominance,,
dominant,b2,adjective,dominant,,
dominate,b2,verb,dominer,,
donate,b1,verb,donner,,
donation,b2,noun,donation,,
donor,c1,noun,donateur,,
door,a1,noun,porte,,
dose,c1,noun,dose,,
dot,b2,noun,point,,
double,a2,adjective,double,,
double,b1,adverb,double,,
double,a2,determiner,double,,
double,a2,pronoun,double,,
double,a2,verb,doubler,,
doubt,b1,noun,doute,,
doubt,b1,verb,douter,,
down,a1,adverb,à bas,,
down,a1,preposition,en bas de,,
download,a2,noun,téléchargement,,
download,a2,verb,télécharger,,
downstairs,a2,adjective,dessous,,
downstairs,a1,adverb,au-dessous,,
downtown,b2,adjective,centre-ville,,
downtown,b2,adverb,centre-ville,,
downtown,b2,noun,centre-ville,,
downwards,b2,adverb,vers le bas,,
dozen,b2,determiner,douzaine,,
dozen,b2,noun,douzaine,,
draft,b2,noun,gorgée,,
draft,b2,verb,ébaucher,,
drag,b2,verb,traîner,,
drain,c1,verb,drainer,,
drama,a2,noun,drame,,
dramatic,b2,adjective,dramatique,,
dramatically,b2,adverb,considérablement,,
draw,a1,verb,tirer,,
drawing,a2,noun,dessin,,
dream,a2,noun,rêve,,
dream,a2,verb,rêver,,
dress,a1,noun,robe,,
dress,a1,verb,panser,,
dressed,b1,adjective,habillé,,
drift,c1,verb,dériver,,
drink,a1,noun,boisson,,
drink,a1,verb,boire,,
drive,a2,noun,lecteur,,
drive,a1,verb,pousser,,
driver,a1,noun,chauffeur,,
driving,c1,adjective,conduite,,
driving,a2,noun,conduite,,
drop,b1,noun,goutte,,
drop,a2,verb,tomber,,
drought,b2,noun,sécheresse,,
drown,c1,verb,se noyer,,
drug,a2,noun,drogue,,
drum,b1,noun,tambour,,
drunk,b1,adjective,ivre,,
dry,a2,adjective,sec,,
dry,a2,verb,sécher,,
dual,c1,adjective,double,,
dub,c1,verb,adouber,,
due,b1,adjective,dû,,
dull,b2,adjective,sot,,
dumb,c1,adjective,stupide,,
dump,b2,verb,se débarrasser de,,
duo,c1,noun,duo,,
duration,b2,noun,durée,,
during,a1,preposition,durant,,
dust,b1,noun,poussière,,
duty,b1,noun,devoir,,
dvd,a1,noun,DVD,,
dynamic,b2,adjective,dynamique,,
dynamic,c1,noun,dynamique,,
each,a1,adverb,chaque,,
each,a1,determiner,chaque,,
each,a1,pronoun,chaque,,
eager,c1,adjective,désireux,,
ear,a1,noun,épi,,
early,a1,adjective,de bonne heure,,
early,a1,adverb,tôt,,
earn,a2,verb,gagner,,
earnings,c1,noun,revenus,,
earth,a2,noun,terre,,
earthquake,b1,noun,tremblement de terre,,
ease,c1,noun,facilité,,
ease,c1,verb,faciliter,,
easily,a2,adverb,facilement,,
east,a1,adjective,oriental,,
east,a1,adverb,vers l 'est,,
east,a1,noun,est,,
eastern,b1,adjective,oriental,,
easy,a1,adjective,facile,,
eat,a1,verb,ronger,,
echo,c1,noun,écho,,
echo,c1,verb,résonner,,
ecological,c1,adjective,écologique,,
economic,b1,adjective,économique,,
economics,b2,noun,économie,,
economist,b2,noun,économiste,,
economy,b1,noun,économie,,
edge,b1,noun,bord,,
edit,b2,verb,rediger,,
edition,b2,noun,édition,,
editor,b1,noun,rédacteur,,
editorial,b2,adjective,éditorial,,
educate,b1,verb,éduquer,,
educated,b1,adjective,cultivé,,
education,a2,noun,enseignement,,
educational,b1,adjective,éducatif,,
educator,c1,noun,éducateur,,
effect,a2,noun,effet,,
effective,b1,adjective,en vigueur,,
effectively,b1,adverb,efficacement,,
effectiveness,c1,noun,efficacité,,
efficiency,c1,noun,rendement,,
efficient,b2,adjective,efficace,,
efficiently,b2,adverb,efficacement,,
effort,b1,noun,effort,,
egg,a1,noun,œuf,,
ego,c1,noun,moi,,
eight,a1,number,huit,,
eighteen,a1,number,dix-huit,,
eighty,a1,number,quatre-vingts,,
either,a2,adverb,l'un ou l'autre,,
either,a2,determiner,l'un ou l'autre,,
either,a2,pronoun,l'un ou l'autre,,
elaborate,c1,adjective,élaboré,,
elbow,b2,noun,coude,,
elderly,b2,adjective,vieux,,
elect,b2,verb,choisir,,
election,b1,noun,élection,,
electoral,c1,adjective,électoral,,
electric,a2,adjective,électrique,,
electrical,a2,adjective,électrique,,
electricity,a2,noun,électricité,,
electronic,a2,adjective,électronique,,
electronics,b2,noun,électronique,,
elegant,b2,adjective,élégant,,
element,b1,noun,élément,,
elementary,b2,adjective,élémentaire,,
elephant,a1,noun,éléphant,,
elevate,c1,verb,augmenter,,
eleven,a1,number,onze,,
eligible,c1,adjective,éligible,,
eliminate,b2,verb,tuer,,
elite,c1,noun,élite,,
else,a1,adverb,sinon,,
elsewhere,b2,adverb,ailleurs,,
email,a1,noun,e-mail,,
email,a1,verb,envoyer un e-mail,,
embark,c1,verb,embarquer,,
embarrassed,b1,adjective,embarrassé,,
embarrassing,b1,adjective,embarrassant,,
embarrassment,c1,noun,embarras,,
embassy,c1,noun,ambassade,,
embed,c1,verb,insérer,,
embody,c1,verb,représenter,,
embrace,b2,verb,embrasser,,
emerge,b2,verb,émerger,,
emergence,c1,noun,émergence,,
emergency,b1,noun,crise,,
emission,b2,noun,émission,,
emotion,b1,noun,émotion,,
emotional,b2,adjective,émotionnel,,
emotionally,b2,adverb,émotionnellement,,
emphasis,b2,noun,accent,,
emphasize,b2,verb,souligner,,
empire,b2,noun,empire,,
empirical,c1,adjective,empirique,,
employ,a2,verb,employer,,
employee,a2,noun,employé,,
employer,a2,noun,employeur,,
employment,b1,noun,emploi,,
empower,c1,verb,encapaciter,,
empty,a2,adjective,vide,,
empty,b1,verb,vider,,
enable,b2,verb,activer,,
enact,c1,verb,jouer,,
encompass,c1,verb,encercler,,
encounter,b2,noun,rencontre,,
encounter,b2,verb,rencontrer,,
encourage,b1,verb,encourager,,
encouragement,c1,noun,encouragement,,
encouraging,c1,adjective,encourageant,,
end,a1,noun,fin,,
end,a1,verb,finir,,
endeavour,c1,noun,effort,,
ending,a2,noun,fin,,
endless,c1,adjective,infini,,
endorse,c1,verb,soutenir,,
endorsement,c1,noun,approbation,,
endure,c1,verb,endurer,,
enemy,b1,noun,ennemi,,
energy,a2,noun,énergie,,
enforce,c1,verb,faire respecter,,
enforcement,c1,noun,application,,
engage,b2,verb,engager,,
engaged,b1,adjective,fiancé,,
engagement,c1,noun,fiançailles,,
engaging,c1,adjective,captivant,,
engine,a2,noun,moteur,,
engineer,a2,noun,ingénieur,,
engineering,b1,noun,ingénierie,,
enhance,b2,verb,améliorer,,
enjoy,a1,verb,jouir,,
enjoyable,b2,adjective,agréable,,
enormous,a2,adjective,énorme,,
enough,a1,adverb,suffisamment,,
enough,a1,determiner,suffisamment,,
enough,a1,pronoun,suffisamment,,
enquire,c1,verb,se renseigner,,
enquiry,b2,noun,enquête,,
enrich,c1,verb,enrichir,,
enrol,c1,verb,s'inscrire,,
ensue,c1,verb,résulter,,
ensure,b2,verb,s'assurer,,
enter,a2,verb,entrer,,
enterprise,c1,noun,entreprise,,
entertain,b1,verb,divertir,,
entertaining,b2,adjective,divertissant,,
entertainment,b1,noun,divertissement,,
enthusiasm,b2,noun,enthousiasme,,
enthusiast,c1,noun,enthousiaste,,
enthusiastic,b2,adjective,enthousiaste,,
entire,b2,adjective,entier,,
entirely,b2,adverb,entièrement,,
entitle,c1,verb,donner droit à,,
entity,c1,noun,entité,,
entrance,b1,noun,entrée,,
entrepreneur,b2,noun,entrepreneur,,
entry,b1,noun,entrée,,
envelope,b2,noun,enveloppe,,
environment,a2,noun,environnement,,
environmental,b1,adjective,environnemental,,
epidemic,c1,noun,épidémie,,
episode,b1,noun,épisode,,
equal,b1,adjective,égal,,
equal,b2,noun,égal,,
equal,b1,verb,égaler à,,
equality,c1,noun,égalité,,
equally,b1,adverb,également,,
equation,c1,noun,équation,,
equip,b2,verb,équiper,,
equipment,a2,noun,équipement,,
equivalent,b2,adjective,équivalent,,
equivalent,b2,noun,équivalent,,
era,b2,noun,époque,,
erect,c1,verb,fonder,,
error,a2,noun,erreur,,
erupt,b2,verb,entrer en éruption,,
escalate,c1,verb,intensifier,,
escape,b1,noun,évasion,,
escape,b1,verb,échapper,,
especially,a2,adverb,surtout,,
essay,a2,noun,essai,,
essence,c1,noun,essence,,
essential,b1,adjective,essentiel,,
essentially,b2,adverb,essentiellement,,
establish,b2,verb,établir,,
establishment,c1,noun,établissement,,
estate,b2,noun,domaine,,
estimate,b2,noun,estimation,,
estimate,b2,verb,estimer,,
eternal,c1,adjective,éternel,,
ethic,b2,noun,éthique,,
ethical,b2,adjective,éthique,,
ethnic,b2,adjective,ethnique,,
euro,a1,noun,euro,,
evacuate,c1,verb,évacuer,,
evaluate,b2,verb,évaluer,,
evaluation,b2,noun,évaluation,,
even,b2,adjective,régulier,,
even,a1,adverb,même,,
evening,a1,noun,soir,,
event,a1,noun,événement,,
eventually,b1,adverb,finalement,,
ever,a1,adverb,toujours,,
every,a1,determiner,chaque,,
everybody,a1,pronoun,tout le monde,,
everyday,a2,adjective,quotidien,,
everyone,a1,pronoun,chacun,,
everything,a1,pronoun,tout,,
everywhere,a2,adverb,partout,,
evidence,a2,noun,preuve,,
evident,b2,adjective,évident,,
evil,b2,adjective,mauvais,,
evil,b2,noun,mal,,
evoke,c1,verb,évoquer,,
evolution,b2,noun,évolution,,
evolutionary,c1,adjective,évolutif,,
evolve,b2,verb,évoluer,,
exact,a2,adjective,exact,,
exactly,a2,adverb,exactement,,
exaggerate,c1,verb,exagérer,,
exam,a1,noun,examen,,
examination,b2,noun,examen,,
examine,b1,verb,examiner,,
example,a1,noun,exemple,,
exceed,b2,verb,dépasser,,
excellence,c1,noun,excellence,,
excellent,a2,adjective,excellent,,
except,b1,conjunction,sauf,,
except,a2,preposition,sauf,,
exception,b2,noun,exception,,
exceptional,c1,adjective,exceptionnel,,
excess,c1,adjective,excessif,,
excess,c1,noun,excès,,
excessive,b2,adjective,excessif,,
exchange,b1,noun,échange,,
exchange,b1,verb,échanger,,
excited,a1,adjective,excité,,
excitement,b1,noun,excitation,,
exciting,a1,adjective,captivant,,
exclude,b2,verb,exclure,,
exclusion,c1,noun,exclusion,,
exclusive,c1,adjective,exclusif,,
exclusively,c1,adverb,exclusivement,,
excuse,b2,noun,prétexte,,
excuse,b2,verb,excuser,,
execute,c1,verb,exécuter,,
execution,c1,noun,exécution,,
executive,b2,adjective,exécutif,,
executive,b2,noun,exécutif,,
exercise,a1,noun,exercice,,
exercise,a1,verb,exercer,,
exert,c1,verb,exercer,,
exhibit,b2,noun,exposition,,
exhibit,b2,verb,exposer,,
exhibition,b1,noun,exposition,,
exile,c1,noun,exil,,
exist,a2,verb,exister,,
existence,b2,noun,existence,,
exit,b2,noun,sortie,,
exit,c1,verb,sortir,,
exotic,b2,adjective,exotique,,
expand,b1,verb,agrandir,,
expansion,b2,noun,expansion,,
expect,a2,verb,attendre,,
expectation,b2,noun,attente,,
expected,b1,adjective,attendu,,
expedition,b1,noun,expédition,,
expenditure,c1,noun,dépense,,
expense,b2,noun,dépense,,
expensive,a1,adjective,cher,,
experience,a2,noun,expérience,,
experience,b1,verb,éprouver,,
experienced,b1,adjective,expérimenté,,
experiment,a2,noun,expérience,,
experiment,b1,verb,expérimenter,,
experimental,c1,adjective,expérimental,,
expert,a2,adjective,expérimenté,,
expert,a2,noun,expert,,
expertise,b2,noun,expertise,,
expire,c1,verb,expirer,,
explain,a1,verb,expliquer,,
explanation,a2,noun,explication,,
explicit,c1,adjective,explicite,,
explicitly,c1,adverb,explicitement,,
explode,b1,verb,exploser,,
exploit,b2,verb,exploiter,,
exploitation,c1,noun,exploitation,,
exploration,b2,noun,exploration,,
explore,b1,verb,explorer,,
explosion,b1,noun,explosion,,
explosive,c1,adjective,explosif,,
explosive,c1,noun,explosif,,
export,b1,noun,exportation,,
export,b1,verb,exporter,,
expose,b2,verb,exposer,,
exposure,b2,noun,exposition,,
express,a2,verb,exprimer,,
expression,a2,noun,expression,,
extend,b2,verb,prolonger,,
extension,b2,noun,extension,,
extensive,b2,adjective,étendu,,
extensively,b2,adverb,largement,,
extent,b2,noun,étendue,,
external,b2,adjective,externe,,
extra,a1,adjective,supplémentaire,,
extra,b1,adverb,particulièrement,,
extra,b1,noun,hors-série,,
extract,b2,noun,extrait,,
extract,c1,verb,extraire,,
extraordinary,b2,adjective,extraordinaire,,
extreme,a2,adjective,extrême,,
extreme,b2,noun,extrême,,
extremely,a2,adverb,extrêmement,,
extremist,c1,noun,extrémiste,,
eye,a1,noun,œil,,
fabric,b2,noun,textile,,
fabulous,b2,adjective,fabuleux,,
face,a1,noun,visage,,
face,b1,verb,affronter,,
facilitate,c1,verb,faciliter,,
facility,b2,noun,facilité,,
fact,a1,noun,fait,,
faction,c1,noun,faction,,
factor,a2,noun,facteur,,
factory,a2,noun,usine,,
faculty,c1,noun,faculté,,
fade,c1,verb,faner,,
fail,a2,verb,négliger,,
failed,b2,adjective,raté,,
failure,b2,noun,échec,,
fair,a2,adjective,juste,,
fairly,b1,adverb,justement,,
fairness,c1,noun,équité,,
faith,b2,noun,foi,,
fake,b2,adjective,faux,,
fall,a2,noun,chute,,
fall,a1,verb,tomber,,
false,a1,adjective,faux,,
fame,b2,noun,gloire,,
familiar,b1,adjective,familier,,
family,a1,adjective,famille,,
family,a1,noun,famille,,
famous,a1,adjective,fameux,,
fan,a2,noun,fan,,
fancy,b1,adjective,chic,,
fancy,b1,verb,imaginer,,
fantastic,a1,adjective,fantastique,,
fantasy,b2,noun,fantaisie,,
far,b1,adjective,lointain,,
far,a1,adverb,loin,,
fare,b2,noun,tarif,,
farm,a1,noun,domaine,,
farm,a2,verb,cultiver,,
farmer,a1,noun,agriculteur,,
farming,a2,noun,agriculture,,
fascinating,b1,adjective,passionnant,,
fashion,a2,noun,mode,,
fashionable,b1,adjective,en vogue,,
fast,a1,adjective,rapide,,
fast,a1,adverb,rapidement,,
fasten,b1,verb,attacher,,
fat,a1,adjective,gros,,
fat,a2,noun,gras,,
fatal,c1,adjective,fatal,,
fate,c1,noun,destinée,,
father,a1,noun,père,,
fault,b2,noun,défaut,,
favour,b1,noun,grâce,,
favour,b2,verb,favoriser,,
favourable,c1,adjective,favorable,,
favourite,a1,adjective,favori,,
favourite,a1,noun,favori,,
fear,a2,noun,crainte,,
fear,b1,verb,craindre,,
feat,c1,noun,exploit,,
feather,b2,noun,plume,,
feature,a2,noun,caractéristique,,
feature,b1,verb,présenter,,
february,a1,noun,février,,
federal,b2,adjective,fédéral,,
fee,b2,noun,honoraires,,
feed,b2,noun,alimentation,,
feed,a2,verb,nourrir,,
feedback,b2,noun,évaluation,,
feeding,,noun,alimentation,,
feel,b2,noun,sensibilité,,
feel,a1,verb,palper,,
feeling,a1,noun,sentiment,,
fellow,b2,adjective,ensemble,,
female,a2,adjective,femelle,,
female,a2,noun,femelle,,
feminist,c1,adjective,féministe,,
feminist,c1,noun,féministe,,
fence,b1,noun,clôture,,
festival,a1,noun,festival,,
fever,b2,noun,fièvre,,
few,a1,adjective,peu,,
few,a1,determiner,peu,,
few,a1,pronoun,peu,,
fibre,c1,noun,fibre,,
fiction,a2,noun,fiction,,
field,a2,noun,champ,,
fierce,c1,adjective,féroce,,
fifteen,a1,number,quinze,,
fifth,a1,ordinal number,cinquième,,
fifty,a1,number,cinquante,,
fight,a2,noun,bataille,,
fight,a2,verb,combattre,,
fighting,b1,noun,combat,,
figure,a2,noun,figure,,
figure,b2,verb,comprendre,,
file,b1,noun,fichier,,
file,b2,verb,limer,,
fill,a1,verb,remplir,,
film,a1,noun,pellicule,,
film,a2,verb,filmer,,
film-maker,c1,noun,cinéaste,,
filter,c1,noun,filtre,,
filter,c1,verb,filtrer,,
final,a1,adjective,dernier,,
final,a2,noun,dernier,,
finally,a2,adverb,enfin,,
finance,b2,noun,finance,,
finance,b2,verb,financer,,
financial,b1,adjective,financier,,
find,a1,verb,trouver,,
finding,b2,noun,conclusion,,
fine,a1,adjective,beau,,
fine,c1,noun,amende,,
fine,c1,verb,infliger une amende,,
finger,a2,noun,doigt,,
finish,a2,noun,fin,,
finish,a1,verb,finir,,
fire,a1,noun,feu,,
fire,b1,verb,tirer,,
firearm,c1,noun,arme à feu,,
firefighter,b2,noun,pompier,,
firework,b2,noun,feu d'artifice,,
firm,b2,adjective,ferme,,
firm,b2,noun,ferme,,
firmly,b2,adverb,fermement,,
first,a1,adverb,en premier lieu,,
first,a1,determiner,premier,,
first,a2,noun,premier,,
first,a1,ordinal number,premier,,
firstly,a2,adverb,d'abord,,
fish,a1,noun,poisson,,
fish,a2,verb,pêcher,,
fishing,a2,noun,pêche,,
fit,a2,adjective,en forme,,
fit,c1,noun,crise,,
fit,a2,verb,convenir,,
fitness,b1,noun,fitness,,
five,a1,number,cinq,,
fix,b2,noun,réparation,,
fix,a2,verb,fixer,,
fixed,b1,adjective,fixé,,
fixture,c1,noun,installation,,
flag,b1,noun,drapeau,,
flame,b2,noun,flamme,,
flash,b2,noun,éclair,,
flash,b2,verb,clignoter,,
flat,a2,adjective,plat,,
flat,a1,noun,appartement,,
flavour,b2,noun,saveur,,
flaw,c1,noun,défaut,,
flawed,c1,adjective,défectueux,,
flee,c1,verb,fuir,,
fleet,c1,noun,flotte,,
flesh,c1,noun,chair,,
flexibility,c1,noun,souplesse,,
flexible,b2,adjective,souple,,
flight,a1,noun,fuite,,
float,b2,verb,flotter,,
flood,b1,noun,inondation,,
flood,b1,verb,inonder,,
floor,a1,noun,sol,,
flour,b1,noun,farine,,
flourish,c1,verb,fleurir,,
flow,b1,noun,écoulement,,
flow,b1,verb,couler,,
flower,a1,noun,fleur,,
flu,a2,noun,grippe,,
fluid,c1,noun,fluide,,
fly,a2,noun,mouche,,
fly,a1,verb,voler,,
flying,a2,adjective,volant,,
flying,a2,noun,vol,,
focus,a2,noun,attention,,
focus,a2,verb,focaliser,,
fold,b2,noun,pli,,
fold,b1,verb,plier,,
folding,b2,adjective,pliant,,
folk,b1,adjective,peuple,,
folk,b1,noun,peuple,,
follow,a1,verb,suivre,,
following,a2,adjective,suivant,,
following,b1,noun,partisans,,
following,b2,preposition,à la suite de,,
fond,b2,adjective,tenir à,,
food,a1,noun,nourriture,,
fool,b2,noun,imbécile,,
foot,a1,noun,pied,,
footage,c1,noun,pellicule enregistrée,,
football,a1,noun,ballon,,
for,a1,preposition,pour,,
forbid,b2,verb,interdire,,
force,b1,noun,force,,
force,b1,verb,contraindre,,
forecast,b2,noun,prévision,,
forecast,b2,verb,prévoir,,
foreign,a2,adjective,étranger,,
foreigner,c1,noun,étranger,,
forest,a2,noun,forêt,,
forever,b1,adverb,à jamais,,
forge,c1,verb,forger,,
forget,a1,verb,oublier,,
forgive,b2,verb,pardonner,,
fork,a2,noun,fourchette,,
form,a1,noun,formulaire,,
form,a1,verb,se former,,
formal,a2,adjective,formel,,
format,b2,noun,format,,
formation,b2,noun,formation,,
former,b2,adjective,précédent,,
formerly,b2,adverb,auparavant,,
formula,c1,noun,formule,,
formulate,c1,verb,formuler,,
forth,c1,adverb,en avant,,
forthcoming,c1,adjective,prochain,,
fortunate,b2,adjective,heureux,,
fortunately,a2,adverb,heureusement,,
fortune,b2,noun,fortune,,
forty,a1,number,quarante,,
forum,b2,noun,forum,,
forward,b2,adjective,avant,,
forward,a2,adverb,à partir de,,
fossil,b2,noun,fossile,,
foster,c1,verb,promouvoir,,
found,b2,verb,fonder,,
foundation,b2,noun,fondation,,
founder,b2,noun,fondateur,,
four,a1,number,quatre,,
fourteen,a1,number,quatorze,,
fourth,a1,ordinal number,quatrième,,
fraction,b2,noun,fraction,,
fragile,c1,adjective,fragile,,
fragment,b2,noun,fragment,,
frame,b1,noun,cadre,,
frame,b1,verb,encadrer,,
framework,b2,noun,cadre,,
franchise,c1,noun,franchise,,
frankly,c1,adverb,franchement,,
fraud,b2,noun,fraude,,
free,a1,adjective,libre,,
free,a2,adverb,gratuitement,,
free,b2,verb,libérer,,
freedom,b2,noun,liberté,,
freely,b2,adverb,librement,,
freeze,b1,verb,geler,,
frequency,b2,noun,fréquence,,
frequent,b2,adjective,fréquent,,
frequently,b1,adverb,fréquemment,,
fresh,a2,adjective,frais,,
friday,a1,noun,vendredi,,
fridge,a2,noun,réfrigérateur,,
friend,a1,noun,ami,,
friendly,a1,adjective,amical,,
friendship,b1,noun,amitié,,
frighten,b1,verb,redouter,,
frightened,b1,adjective,effrayé,,
frightening,b1,adjective,effrayant,,
frog,a2,noun,grenouille,,
from,a1,preposition,de,,
front,a1,adjective,de devant,,
front,a1,noun,front,,
frozen,b1,adjective,congelé,,
fruit,a1,noun,fruit,,
frustrated,c1,adjective,frustré,,
frustrating,c1,adjective,frustrant,,
frustration,c1,noun,frustration,,
fry,b1,verb,frire,,
fuel,b1,noun,carburant,,
fuel,b2,verb,alimenter,,
fulfil,b2,verb,accomplir,,
full,a1,adjective,complet,,
full-time,b2,adjective,plein temps,,
full-time,b2,adverb,à plein temps,,
fully,b2,adverb,entièrement,,
fun,a2,adjective,amusant,,
fun,a1,noun,amusement,,
function,b1,noun,fonction,,
function,b2,verb,fonctionner,,
functional,c1,adjective,fonctionnel,,
fund,b2,noun,fonds,,
fund,b2,verb,financer,,
fundamental,b2,adjective,fondamental,,
fundamentally,b2,adverb,fondamentalement,,
funding,b2,noun,financement,,
fundraising,c1,noun,collecte de fonds,,
funeral,c1,noun,obsèques,,
funny,a1,adjective,drôle,,
fur,b1,noun,fourrure,,
furious,b2,adjective,furieux,,
furniture,a2,noun,mobilier,,
further,a2,adjective,de plus,,
further,b1,adverb,de plus,,
furthermore,b2,adverb,de plus,,
future,a2,adjective,futur,,
future,a1,noun,avenir,,
gain,b2,noun,gain,,
gain,b2,verb,gagner,,
gallery,a2,noun,galerie,,
gallon,c1,noun,gallon,,
gambling,c1,noun,jeux de hasard,,
game,a1,noun,jeu,,
gaming,b2,noun,jeux vidéo,,
gang,b2,noun,bande,,
gap,a2,noun,brèche,,
garage,b1,noun,garage,,
garden,a1,noun,jardin,,
gas,a2,noun,gaz,,
gate,a2,noun,porte logique,,
gather,b1,verb,rassembler,,
gathering,c1,noun,réunion,,
gay,b2,adjective,gai,,
gaze,c1,noun,regard,,
gaze,c1,verb,fixer,,
gear,c1,noun,équipement,,
gender,b2,noun,sexe,,
gene,b2,noun,gène,,
general,a2,adjective,général,,
generally,b1,adverb,en général,,
generate,b2,verb,engendrer,,
generation,b1,noun,génération,,
generic,c1,adjective,générique,,
generous,b1,adjective,généreux,,
genetic,b2,adjective,génétique,,
genius,b2,noun,génie,,
genocide,c1,noun,génocide,,
genre,b2,noun,genre,,
gentle,b1,adjective,doux,,
gentleman,b1,noun,monsieur,,
genuine,b2,adjective,authentique,,
genuinely,b2,adverb,en réalité,,
geography,a1,noun,géographie,,
gesture,b2,noun,geste,,
get,a1,verb,atteindre,,
ghost,b1,noun,apparition,,
giant,b1,adjective,géant,,
giant,b1,noun,géant,,
gift,a2,noun,don,,
gig,b2,noun,concert,,
girl,a1,noun,fille,,
girlfriend,a1,noun,amie,,
give,a1,verb,donner,,
glad,b1,adjective,content,,
glance,c1,noun,coup d'œil,,
glance,c1,verb,jeter un coup d'œil,,
glass,a1,noun,verre,,
glimpse,c1,noun,aperçu,,
global,b1,adjective,global,,
globalization,b2,noun,mondialisation,,
globe,b2,noun,globe,,
glorious,c1,adjective,glorieux,,
glory,c1,noun,gloire,,
glove,b1,noun,gant,,
go,b1,noun,approbation,,
go,a1,verb,aller,,
goal,a2,noun,but,,
god,a2,noun,dieu,,
gold,a2,adjective,doré,,
gold,a2,noun,or,,
golden,b2,adjective,doré,,
golf,a2,noun,golf,,
good,a1,adjective,bon,,
good,a2,noun,bon,,
goodbye,a1,exclamation,au revoir,,
goodbye,a1,noun,au revoir,,
goodness,b2,noun,bonté,,
goods,b1,noun,biens,,
gorgeous,b2,adjective,magnifique,,
govern,b2,verb,gouverner,,
governance,c1,noun,gouvernance,,
government,a2,noun,gouvernement,,
governor,b2,noun,gouverneur,,
grab,b2,verb,attraper,,
grace,c1,noun,grâce,,
grade,b1,noun,mention,,
grade,b2,verb,noter,,
gradually,b2,adverb,progressivement,,
graduate,b1,noun,licencié,,
graduate,b1,verb,devenir licencié,,
grain,b1,noun,grain,,
grand,b2,adjective,grandiose,,
grandfather,a1,noun,grand-père,,
grandmother,a1,noun,grand-mère,,
grandparent,a1,noun,grand-parent,,
grant,b2,noun,subvention,,
grant,b2,verb,accorder,,
graphic,b2,adjective,graphique,,
graphics,b2,noun,graphiques,,
grasp,c1,noun,compréhension,,
grasp,c1,verb,saisir,,
grass,a2,noun,herbe,,
grateful,b1,adjective,reconnaissant,,
grave,c1,adjective,grave,,
grave,c1,noun,tombe,,
gravity,c1,noun,gravité,,
great,a1,adjective,grand,,
greatly,b2,adverb,grandement,,
green,a1,adjective,vert,,
green,a1,noun,vert,,
greenhouse,b2,noun,serre,,
greet,a2,verb,saluer,,
grey,a1,adjective,gris,,
grey,a1,noun,gris,,
grid,c1,noun,grille,,
grief,c1,noun,peine,,
grin,c1,noun,sourire,,
grin,c1,verb,sourire,,
grind,c1,verb,moudre,,
grip,c1,noun,poignée,,
grip,c1,verb,saisir,,
grocery,b2,noun,épicerie,,
gross,c1,adjective,grossier,,
ground,a2,noun,sol,,
group,a1,noun,groupe,,
grow,a1,verb,croître,,
growth,b1,noun,croissance,,
guarantee,b2,noun,garantie,,
guarantee,b2,verb,garantir,,
guard,b1,noun,garde,,
guard,b1,verb,garder,,
guerrilla,c1,noun,guérilla,,
guess,a1,noun,supposition,,
guess,a1,verb,deviner,,
guest,a2,noun,hôte,,
guidance,c1,noun,conseils,,
guide,a2,noun,guide,,
guide,a2,verb,guider,,
guideline,b2,noun,directive,,
guilt,c1,noun,sentiment de culpabilité,,
guilty,b1,adjective,coupable,,
guitar,a1,noun,guitare,,
gun,a2,noun,fusil,,
gut,c1,noun,intestin,,
guy,a2,noun,gars,,
gym,a1,noun,salle de gymnastique,,
habit,a2,noun,habitude,,
habitat,b2,noun,habitat,,
hail,c1,verb,grêler,,
hair,a1,noun,cheveu,,
half,a2,adverb,moitié,,
half,a1,determiner,moitié,,
half,a1,noun,moitié,,
half,a1,pronoun,moitié,,
halfway,c1,adverb,mi-chemin,,
hall,a2,noun,foyer,,
halt,c1,noun,arrêt,,
halt,c1,verb,halter,,
hand,a1,noun,main,,
hand,b1,verb,donner,,
handful,c1,noun,poignée,,
handle,b2,noun,indicateur,,
handle,b2,verb,traiter,,
handling,c1,noun,manipulation,,
handy,c1,adjective,commode,,
hang,b1,verb,pendre,,
happen,a1,verb,arriver,,
happily,a2,adverb,heureusement,,
happiness,b1,noun,bonheur,,
happy,a1,adjective,heureux,,
harassment,c1,noun,harcèlement,,
harbour,b2,noun,port,,
hard,a1,adjective,dur,,
hard,a1,adverb,dur,,
hardly,b1,adverb,à peine,,
hardware,c1,noun,arme à feu,,
harm,b2,noun,mal,,
harm,b2,verb,nuire à,,
harmful,b2,adjective,nuisible,,
harmony,c1,noun,harmonie,,
harsh,c1,adjective,dur,,
harvest,c1,noun,récolte,,
harvest,c1,verb,récolter,,
hat,a1,noun,chapeau,,
hate,b1,noun,haïr,,
hate,a1,verb,haïr,,
hatred,c1,noun,haine,,
haunt,c1,verb,hanter,,
have,a1,verb,avoir,,
have,a2,auxiliary verb,avoir,,
have to,a1,modal verb,devoir,,
hazard,c1,noun,hasard,,
he,a1,pronoun,il,,
head,a1,noun,tête,,
head,b1,verb,se diriger,,
headache,a2,noun,mal de tête,,
headline,b1,noun,titre,,
headquarters,b2,noun,siège social,,
heal,b2,verb,guérir,,
health,a1,noun,santé,,
healthcare,b2,noun,soins de santé,,
healthy,a1,adjective,sain,,
hear,a1,verb,entendre,,
hearing,b2,noun,ouïe,,
heart,a2,noun,cœur,,
heat,a2,noun,piquant,,
heat,a2,verb,chauffer,,
heating,b1,noun,chauffage,,
heaven,b2,noun,ciel,,
heavily,b1,adverb,fortement,,
heavy,a2,adjective,lourd,,
heel,b2,noun,talon,,
height,a2,noun,hauteur,,
heighten,c1,verb,aggraver,,
helicopter,b1,noun,hélicoptère,,
hell,b2,noun,enfer,,
hello,a1,exclamation,bonjour,,
hello,a1,noun,bonjour,,
helmet,b2,noun,casque,,
help,a1,noun,aide,,
help,a1,verb,aider,,
helpful,a2,adjective,utile,,
hence,b2,adverb,ainsi,,
her,a1,determiner,son,,
her,a1,pronoun,elle,,
herb,b2,noun,herbe,,
here,a1,adverb,ici,,
heritage,c1,noun,héritage,,
hero,a2,noun,héros,,
hers,a2,pronoun,le sien,,
herself,a2,pronoun,elle-même,,
hesitate,b2,verb,hésiter,,
hey,a1,exclamation,hé,,
hi,a1,exclamation,salut,,
hidden,b2,adjective,caché,,
hide,a2,verb,cacher,,
hierarchy,c1,noun,hiérarchie,,
high,a1,adjective,haut,,
high,a2,adverb,haut,,
high,b2,noun,haut,,
high-profile,c1,adjective,très médiatisé,,
highlight,b1,noun,temps fort,,
highlight,b1,verb,mettre en valeur,,
highly,b1,adverb,extrêmement,,
highway,b2,noun,grande route,,
hilarious,b2,adjective,hilarant,,
hill,a2,noun,colline,,
him,a1,pronoun,lui,,
himself,a2,pronoun,lui-même,,
hint,c1,noun,indication,,
hint,c1,verb,faire allusion,,
hip,b2,noun,hanche,,
hire,b2,noun,location,,
hire,b1,verb,louer,,
his,a1,determiner,son,,
his,a2,pronoun,le sien,,
historian,b2,noun,historien,,
historic,b1,adjective,historique,,
historical,b1,adjective,historique,,
history,a1,noun,histoire,,
hit,a2,noun,frappe,,
hit,a2,verb,frapper,,
hobby,a1,noun,passe-temps,,
hockey,a2,noun,hockey sur gazon,,
hold,b2,noun,soute,,
hold,a2,verb,tenir,,
hole,a2,noun,trou,,
holiday,a1,noun,jour férié,,
hollow,b2,adjective,vide,,
holy,b2,adjective,saint,,
home,a2,adjective,domicile,,
home,a1,adverb,domicile,,
home,a1,noun,maison,,
homeland,c1,noun,patrie,,
homeless,b2,adjective,sans-abri,,
homework,a1,noun,devoirs,,
honest,b1,adjective,honnête,,
honesty,b2,noun,honnêteté,,
honour,b2,noun,honneur,,
honour,b2,verb,honorer,,
hook,b2,noun,hameçon,,
hook,c1,verb,accrocher,,
hope,a2,noun,espoir,,
hope,a1,verb,espérer,,
hopeful,c1,adjective,encourageant,,
hopefully,b2,adverb,espérer que,,
horizon,c1,noun,horizon,,
horn,c1,noun,corne,,
horrible,b1,adjective,horrible,,
horror,b1,noun,horreur,,
horse,a1,noun,cheval,,
hospital,a1,noun,hôpital,,
host,b1,noun,hôte,,
host,b2,verb,héberger,,
hostage,c1,noun,otage,,
hostile,c1,adjective,hostile,,
hostility,c1,noun,hostilité,,
hot,a1,adjective,chaud,,
hotel,a1,noun,hôtel,,
hour,a1,noun,heure,,
house,a1,noun,maison,,
house,b2,verb,héberger,,
household,b2,noun,foyer,,
housing,b2,noun,logement,,
how,a1,adverb,comment,,
however,a1,adverb,cependant,,
huge,a2,adjective,énorme,,
human,a2,adjective,humain,,
human,a2,noun,humain,,
humanitarian,c1,adjective,humanitaire,,
humanity,c1,noun,humanité,,
humble,c1,adjective,humble,,
humorous,b2,adjective,humoristique,,
humour,b2,noun,humour,,
hundred,a1,number,cent,,
hunger,b2,noun,faim,,
hungry,a1,adjective,avoir faim,,
hunt,b2,noun,chasse,,
hunt,b1,verb,chasser,,
hunting,b2,noun,chasse,,
hurricane,b1,noun,ouragan,,
hurry,b1,noun,précipitation,,
hurry,b1,verb,se dépêcher,,
hurt,a2,adjective,blessé,,
hurt,b2,noun,blessure,,
hurt,a2,verb,blesser,,
husband,a1,noun,mari,,
hydrogen,c1,noun,hydrogène,,
hypothesis,b2,noun,hypothèse,,
i,a1,pronoun,je,,
ice,a1,noun,glace,,
ice cream,a1,noun,crème glacée,,
icon,b2,noun,icône,,
id,b2,noun,pièce d'identité,,
idea,a1,noun,idée,,
ideal,a2,adjective,idéal,,
ideal,b2,noun,idéal,,
identical,b2,adjective,identique,,
identification,c1,noun,pièce d'identité,,
identify,a2,verb,identifier,,
identity,b1,noun,identité,,
ideological,c1,adjective,idéologique,,
ideology,c1,noun,idéologie,,
idiot,c1,noun,idiot,,
if,a1,conjunction,si,,
ignorance,c1,noun,ignorance,,
ignore,b1,verb,bouder,,
ill,a2,adjective,malade,,
illegal,b1,adjective,illégal,,
illness,a2,noun,maladie,,
illusion,b2,noun,illusion,,
illustrate,b2,verb,illustrer,,
illustration,b2,noun,illustration,,
image,a2,noun,image,,
imagery,c1,noun,imagerie,,
imaginary,b1,adjective,imaginaire,,
imagination,b2,noun,imagination,,
imagine,a1,verb,imaginer,,
immediate,b1,adjective,immédiat,,
immediately,a2,adverb,immédiatement,,
immense,c1,adjective,immense,,
immigrant,b1,noun,immigrant,,
immigration,b2,noun,immigration,,
imminent,c1,adjective,imminent,,
immune,b2,adjective,immunisé,,
impact,b1,noun,impact sur,,
impact,b1,verb,affecter,,
impatient,b2,adjective,impatient,,
implement,b2,verb,appliquer,,
implementation,c1,noun,mise en œuvre,,
implication,b2,noun,implication,,
imply,b2,verb,impliquer,,
import,b1,noun,importation,,
import,b1,verb,importer,,
importance,b1,noun,importance,,
important,a1,adjective,important,,
impose,b2,verb,imposer,,
impossible,a2,adjective,impossible,,
impress,b2,verb,impressionner,,
impressed,b2,adjective,impressionné,,
impression,b1,noun,impression,,
impressive,b1,adjective,impressionnant,,
imprison,c1,verb,emprisonner,,
imprisonment,c1,noun,emprisonnement,,
improve,a1,verb,améliorer,,
improvement,b1,noun,amélioration,,
in,a1,adverb,dans,,
in,a1,preposition,dans,,
inability,c1,noun,incapacité,,
inadequate,c1,adjective,inadéquat,,
inappropriate,c1,adjective,inapproprié,,
incentive,b2,noun,récompense,,
inch,b2,noun,pouce,,
incidence,c1,noun,incidence,,
incident,b2,noun,incident,,
inclined,c1,adjective,enclin,,
include,a1,verb,inclure,,
included,a2,adjective,inclus,,
including,a2,preposition,y compris,,
inclusion,c1,noun,inclusion,,
income,b2,noun,revenu,,
incorporate,b2,verb,incorporer,,
incorrect,b2,adjective,incorrect,,
increase,a2,noun,augmentation,,
increase,a2,verb,augmenter,,
increasingly,b2,adverb,de plus en plus,,
incredible,a2,adjective,incroyable,,
incredibly,b1,adverb,incroyablement,,
incur,c1,verb,s'exposer à,,
indeed,b1,adverb,vraiment,,
independence,b2,noun,indépendance,,
independent,a2,adjective,indépendant,,
index,b2,noun,indice,,
indicate,b1,verb,indiquer,,
indication,b2,noun,indication,,
indicator,c1,noun,indicateur,,
indictment,c1,noun,acte d'accusation,,
indigenous,c1,adjective,autochtone,,
indirect,b1,adjective,indirect,,
individual,a2,adjective,individuel,,
individual,a2,noun,individu,,
indoor,b1,adjective,intérieur,,
indoors,b1,adverb,à l'intérieur,,
induce,c1,verb,induire,,
indulge,c1,verb,céder,,
industrial,b2,adjective,industriel,,
industry,a2,noun,industrie,,
inequality,c1,noun,inégalité,,
inevitable,b2,adjective,inévitable,,
inevitably,b2,adverb,inévitablement,,
infamous,c1,adjective,infâme,,
infant,c1,noun,nourrisson,,
infect,c1,verb,infecter,,
infection,b2,noun,infection,,
infer,b2,verb,déduire,,
inflation,b2,noun,inflation,,
inflict,c1,verb,infliger,,
influence,b1,noun,influence,,
influence,b1,verb,influer,,
influential,c1,adjective,influent,,
info,b2,noun,infos,,
inform,b2,verb,informer,,
informal,a2,adjective,informel,,
information,a1,noun,renseignement,,
infrastructure,b2,noun,infrastructure,,
ingredient,b1,noun,ingrédient,,
inhabitant,b2,noun,habitant,,
inherent,c1,adjective,intrinsèque,,
inherit,b2,verb,hériter,,
inhibit,c1,verb,inhiber,,
initial,b2,adjective,initial,,
initially,b2,adverb,initialement,,
initiate,c1,verb,commencer,,
initiative,b2,noun,initiative,,
inject,c1,verb,injecter,,
injection,c1,noun,injection,,
injure,b1,verb,blesser,,
injured,b1,adjective,blessé,,
injury,a2,noun,blessure,,
injustice,c1,noun,injustice,,
ink,b2,noun,encre,,
inmate,c1,noun,détenu,,
inner,b2,adjective,intérieur,,
innocent,b1,adjective,innocent,,
innovation,b2,noun,innovation,,
innovative,b2,adjective,novateur,,
input,b2,noun,entrée,,
inquiry,b2,noun,enquête,,
insect,a2,noun,insecte,,
insert,b2,verb,insérer,,
insertion,c1,noun,insertion,,
inside,a2,adjective,intérieur,,
inside,a2,adverb,intérieur,,
inside,a2,noun,intérieur,,
inside,a2,preposition,à l'intérieur de,,
insider,c1,noun,initié,,
insight,b2,noun,perspicacité,,
insist,b2,verb,insister,,
inspect,c1,verb,inspecter,,
inspection,c1,noun,inspection,,
inspector,b2,noun,inspecteur,,
inspiration,c1,noun,inspiration,,
inspire,b2,verb,inspirer,,
install,b2,verb,installer,,
installation,b2,noun,installation,,
instance,b2,noun,exemple,,
instant,b2,adjective,instantané,,
instantly,b2,adverb,instantanément,,
instead,a2,adverb,au lieu de,,
instinct,c1,noun,instinct,,
institute,b2,noun,institut,,
institution,b2,noun,institution,,
institutional,c1,adjective,institutionnel,,
instruct,c1,verb,instruire,,
instruction,a2,noun,instruction,,
instructor,a2,noun,instructeur,,
instrument,a2,noun,acte,,
instrumental,c1,adjective,instrumental,,
insufficient,c1,adjective,insuffisant,,
insult,c1,noun,insulte,,
insult,c1,verb,insulter,,
insurance,b2,noun,assurance,,
intact,c1,adjective,intact,,
intake,c1,noun,apport,,
integral,c1,adjective,intégral,,
integrate,b2,verb,intégrer,,
integrated,c1,adjective,intégré,,
integration,c1,noun,intégration,,
integrity,c1,noun,intégrité,,
intellectual,b2,adjective,intellectuel,,
intellectual,c1,noun,intellectuel,,
intelligence,b1,noun,intelligence,,
intelligent,a2,adjective,intelligent,,
intend,b1,verb,prévoir,,
intended,b2,adjective,prévu,,
intense,b2,adjective,intense,,
intensify,c1,verb,intensifier,,
intensity,c1,noun,intensité,,
intensive,c1,adjective,intensif,,
intent,c1,noun,buté,,
intention,b1,noun,intention,,
interact,b2,verb,interagir,,
interaction,b2,noun,interaction,,
interactive,c1,adjective,interactif,,
interest,a1,noun,intérêt,,
interest,a1,verb,intéresser,,
interested,a1,adjective,intéressé,,
interesting,a1,adjective,intéressant,,
interface,c1,noun,interface,,
interfere,c1,verb,interférer,,
interference,c1,noun,interférence,,
interim,c1,adjective,intervalle,,
interior,c1,adjective,intérieur,,
interior,c1,noun,intérieur,,
intermediate,c1,adjective,intermédiaire,,
internal,b2,adjective,interne,,
international,a2,adjective,international,,
internet,a1,noun,Internet,,
interpret,b2,verb,interpréter,,
interpretation,b2,noun,interprétation,,
interrupt,b2,verb,interrompre,,
interval,b2,noun,intervalle,,
intervene,c1,verb,intervenir,,
intervention,c1,noun,intervention,,
interview,a1,noun,entrevue,,
interview,a1,verb,avoir une entrevue,,
intimate,c1,adjective,intime,,
into,a1,preposition,dans,,
intriguing,c1,adjective,fascinant,,
introduce,a1,verb,présenter,,
introduction,a2,noun,introduction,,
invade,b2,verb,envahir,,
invasion,b2,noun,invasion,,
invent,a2,verb,inventer,,
invention,a2,noun,invention,,
invest,b1,verb,investir,,
investigate,b1,verb,rechercher,,
investigation,b2,noun,investigation,,
investigator,c1,noun,enquêteur,,
investment,b2,noun,investissement,,
investor,b2,noun,investisseur,,
invisible,c1,adjective,invisible,,
invitation,a2,noun,invitation,,
invite,a2,verb,inviter,,
invoke,c1,verb,invoquer,,
involve,a2,verb,impliquer,,
involved,b1,adjective,impliqué,,
involvement,c1,noun,implication,,
iron,b1,noun,fer,,
iron,b1,verb,repasser,,
ironic,c1,adjective,ironique,,
ironically,c1,adverb,ironiquement,,
irony,c1,noun,ironie,,
irrelevant,c1,adjective,non-pertinent,,
island,a1,noun,île,,
isolate,b2,verb,isoler,,
isolated,b2,adjective,isolé,,
isolation,c1,noun,isolation,,
issue,b1,noun,livraison,,
issue,b2,verb,fructifier,,
it,b1,noun,il,,
it,a1,pronoun,il,,
item,a2,noun,truc,,
its,a1,determiner,son,,
itself,a2,pronoun,soi-même,,
jacket,a1,noun,veste,,
jail,b2,noun,prison,,
jail,b2,verb,emprisonner,,
jam,a2,noun,confiture,,
january,a1,noun,janvier,,
jazz,a2,noun,jazz,,
jeans,a1,noun,jeans,,
jet,b2,noun,jet,,
jewellery,a2,noun,bijoux,,
job,a1,noun,tâche,,
join,a1,verb,joindre,,
joint,b2,adjective,commun,,
joint,b2,noun,articulation,,
joke,a2,noun,plaisanterie,,
joke,a2,verb,plaisanter,,
journal,b1,noun,revue,,
journalism,b2,noun,journalisme,,
journalist,a2,noun,journaliste,,
journey,a1,noun,voyage,,
joy,b2,noun,joie,,
judge,b1,noun,juge,,
judge,b1,verb,juger,,
judgement,b2,noun,arrêt,,
judicial,c1,adjective,judiciaire,,
juice,a1,noun,jus,,
july,a1,noun,juillet,,
jump,a2,noun,saut,,
jump,a2,verb,sauter,,
junction,c1,noun,jonction,,
june,a1,noun,juin,,
junior,b2,adjective,junior,,
jurisdiction,c1,noun,juridiction,,
jury,b2,noun,jury,,
just,c1,adjective,juste,,
just,a1,adverb,juste,,
justice,b2,noun,justice,,
justification,c1,noun,justification,,
justify,b2,verb,justifier,,
keen,b1,adjective,actif,,
keep,a1,verb,garder,,
key,a1,adjective,touche,,
key,a1,noun,touche,,
key,b1,verb,saisir,,
keyboard,b1,noun,clavier,,
kick,b1,noun,coup de pied,,
kick,b1,verb,botter,,
kid,a2,noun,gamin,,
kidnap,c1,verb,kidnapper,,
kidney,c1,noun,rein,,
kill,a2,verb,tuer,,
killing,b1,noun,meurtre,,
kilometre,a1,noun,kilomètre,,
kind,b1,adjective,gentil,,
kind,a1,noun,genre,,
king,a2,noun,roi,,
kingdom,c1,noun,royaume,,
kiss,b1,noun,baiser,,
kiss,b1,verb,embrasser,,
kit,b2,noun,trousse,,
kitchen,a1,noun,cuisine,,
knee,a2,noun,genou,,
knife,a2,noun,couteau,,
knock,b1,noun,coup,,
knock,a2,verb,frapper,,
know,a1,verb,connaître,,
knowledge,a2,noun,connaissance,,
lab,a2,noun,labo,,
label,b1,noun,étiquette,,
label,b1,verb,étiqueter,,
laboratory,b1,noun,laboratoire,,
labour,b2,noun,accouchement,,
lack,b1,noun,manque,,
lack,b1,verb,manquer,,
lad,c1,noun,garçon,,
ladder,b2,noun,échelle,,
lady,a2,noun,dame,,
lake,a2,noun,lac,,
lamp,a2,noun,lampe,,
land,a1,noun,terre,,
land,a2,verb,atterrir,,
landing,b2,noun,palier,,
landlord,c1,noun,propriétaire,,
landmark,c1,noun,site,,
landscape,b2,noun,paysage,,
lane,b2,noun,ruelle,,
language,a1,noun,langue,,
lap,c1,noun,côté,,
laptop,a2,noun,portable,,
large,a1,adjective,grand,,
large-scale,c1,adjective,à grande échelle,,
largely,b2,adverb,en général,,
laser,c1,noun,laser,,
last,a2,adverb,en dernier,,
last,a1,determiner,dernier,,
last,a2,noun,dernier,,
last,a2,verb,durer,,
late,a1,adjective,défunt,,
late,a1,adverb,tard,,
lately,b2,adverb,dernièrement,,
later,a2,adjective,postérieur,,
later,a1,adverb,plus tard,,
latest,b1,adjective,dernier,,
latest,b2,noun,nouveauté,,
latter,c1,adjective,dernier,,
latter,c1,noun,dernier,,
laugh,a1,noun,rire,,
laugh,a1,verb,rire,,
laughter,a2,noun,rire,,
launch,b2,noun,lancement,,
launch,b2,verb,lancer,,
law,a2,noun,droit,,
lawn,c1,noun,gazon,,
lawsuit,c1,noun,procès,,
lawyer,a2,noun,juriste,,
lay,b1,verb,coucher,,
layer,b1,noun,couche,,
layout,c1,noun,plan,,
lazy,a2,adjective,paresseux,,
lead,b1,noun,plomb,,
lead,a2,verb,diriger,,
leader,a2,noun,chef,,
leadership,b2,noun,autorité,,
leading,b1,adjective,principal,,
leaf,b1,noun,feuille,,
leaflet,b2,noun,dépliant,,
league,b2,noun,lieue,,
leak,c1,noun,fuite,,
leak,c1,verb,fuir,,
lean,b2,verb,se pencher,,
leap,c1,noun,saut,,
leap,c1,verb,sauter,,
learn,a1,verb,apprendre,,
learning,a2,noun,apprentissage,,
least,a2,adverb,le moins,,
least,a2,determiner,le moins,,
least,a2,pronoun,le moins,,
leather,b1,noun,cuir,,
leave,b2,noun,permission,,
leave,a1,verb,laisser,,
lecture,a2,noun,conférence,,
lecture,a2,verb,gronder,,
left,a1,adjective,gauche,,
left,a1,adverb,à gauche,,
left,a1,noun,gauche,,
leg,a1,noun,jambe,,
legacy,c1,noun,héritage,,
legal,b1,adjective,légal,,
legend,b2,noun,légende,,
legendary,c1,adjective,légendaire,,
legislation,c1,noun,loi,,
legislative,c1,adjective,législatif,,
legislature,c1,noun,corps législatif,,
legitimate,c1,adjective,légitime,,
leisure,b1,noun,loisir,,
lemon,a2,noun,citron,,
lend,a2,verb,prêter,,
length,b1,noun,longueur,,
lengthy,c1,adjective,long,,
lens,b2,noun,objectif,,
lesbian,c1,adjective,lesbien,,
less,a2,adverb,moins,,
less,a2,determiner,moins de,,
less,a2,pronoun,moins de,,
lesser,c1,adjective,moindre,,
lesson,a1,noun,leçon,,
let,a1,verb,laisser,,
lethal,c1,adjective,mortel,,
letter,a1,noun,lettre,,
level,b1,adjective,plat,,
level,a2,noun,niveau,,
level,b2,verb,niveler,,
liable,c1,adjective,responsable,,
liberal,c1,adjective,généreux,,
liberal,c1,noun,libéral,,
liberation,c1,noun,libération,,
liberty,c1,noun,liberté,,
library,a1,noun,bibliothèque,,
licence,b2,noun,licence,,
license,c1,verb,autoriser,,
lie,b1,noun,mensonge,,
lie,a1,verb,mentir,,
lie,b1,verb,mentir,,
life,a1,noun,vie,,
lifelong,c1,adjective,de toute une vie,,
lifestyle,a2,noun,mode de vie,,
lifetime,b2,noun,éternité,,
lift,a2,noun,ascenseur,,
lift,a2,verb,lever,,
light,a1,adjective,lumineux,,
light,a1,noun,lumière,,
light,a2,verb,allumer,,
lighting,b2,noun,éclairage,,
like,b1,noun,préférence,,
like,a1,preposition,comme,,
like,a1,verb,aimer,,
likelihood,c1,noun,vraisemblance,,
likely,a2,adjective,probable,,
likewise,b2,adverb,de même,,
limb,c1,noun,membre,,
limit,b1,noun,limite,,
limit,b1,verb,limiter,,
limitation,b2,noun,limitation,,
limited,b2,adjective,limité,,
line,a1,noun,ligne,,
line,b2,verb,border,,
line-up,c1,noun,programmation,,
linear,c1,adjective,linéaire,,
linger,c1,verb,s'attarder,,
link,a2,noun,lien,,
link,a2,verb,relier,,
lion,a1,noun,Lion,,
lip,b1,noun,lèvre,,
liquid,b1,adjective,liquide,,
liquid,b1,noun,liquide,,
list,a1,noun,liste,,
list,a1,verb,lister,,
listen,a1,verb,écouter,,
listener,a2,noun,auditeur,,
listing,c1,noun,liste,,
literacy,c1,noun,alphabétisation,,
literally,b2,adverb,texto,,
literary,b2,adjective,littéraire,,
literature,b1,noun,littérature,,
litre,b2,noun,litre,,
litter,b2,noun,portée,,
little,a1,adjective,petit,,
little,a2,adverb,peu de,,
little,a1,determiner,petit,,
little,a1,pronoun,petit,,
live,b1,adjective,en direct,,
live,b1,adverb,en direct,,
live,a1,verb,habiter,,
lively,b2,adjective,animé,,
liver,c1,noun,foie,,
living,b1,adjective,vivant,,
living,b1,noun,vie,,
load,b2,noun,des tas,,
load,b2,verb,charger,,
loan,b2,noun,emprunt,,
lobby,c1,noun,lobby,,
lobby,c1,verb,faire pression sur,,
local,a1,adjective,local,,
local,b1,noun,section,,
locate,b1,verb,se poser,,
located,b1,adjective,situé,,
location,b1,noun,lieu,,
lock,a2,noun,serrure,,
lock,a2,verb,fermer,,
log,c1,noun,bûche,,
log,c1,verb,couper,,
logic,c1,noun,logique,,
logical,b2,adjective,logique,,
logo,b2,noun,logo,,
lonely,b1,adjective,seul,,
long,a1,adjective,long,,
long,a1,adverb,longtemps,,
long-standing,c1,adjective,de longue date,,
long-term,b2,adjective,à long terme,,
long-term,b2,adverb,à long terme,,
long-time,c1,adjective,de longue date,,
look,a2,noun,regard,,
look,a1,verb,regarder,,
loom,c1,verb,métier à tisser,,
loop,c1,noun,boucle,,
loose,b2,adjective,lâche,,
lord,b2,noun,monsieur,,
lorry,a2,noun,camion,,
lose,a1,verb,perdre,,
loss,b1,noun,perte,,
lost,a2,adjective,perdu,,
lot,a1,adverb,beaucoup,,
lot,a1,determiner,beaucoup,,
lot,a1,pronoun,beaucoup,,
lottery,b2,noun,loterie,,
loud,a2,adjective,fort,,
loud,a2,adverb,fort,,
loudly,a2,adverb,fort,,
love,a1,noun,amour,,
love,a1,verb,aimer,,
lovely,a2,adjective,adorable,,
low,a2,adjective,bas,,
low,a2,adverb,bas,,
low,b2,noun,dépression,,
lower,b2,verb,baisser,,
loyal,b2,adjective,loyal,,
loyalty,c1,noun,loyauté,,
luck,a2,noun,chance,,
lucky,a2,adjective,chanceux,,
lunch,a1,noun,déjeuner,,
lung,b2,noun,poumon,,
luxury,b1,adjective,luxe,,
luxury,b1,noun,luxe,,
lyric,b2,noun,texte,,
machine,a1,noun,machine,,
machinery,c1,noun,mécanique,,
mad,b1,adjective,fou,,
magazine,a1,noun,revue,,
magic,b1,adjective,magique,,
magic,b1,noun,magie,,
magical,c1,adjective,magique,,
magistrate,c1,noun,magistrat,,
magnetic,c1,adjective,magnétique,,
magnificent,b2,adjective,magnifique,,
magnitude,c1,noun,magnitude,,
mail,a2,noun,courrier,,
mail,a2,verb,courrier,,
main,a1,adjective,principal,,
mainland,c1,noun,continent,,
mainly,b1,adverb,surtout,,
mainstream,c1,adjective,commercial,,
mainstream,c1,noun,courant principal,,
maintain,b2,verb,maintenir,,
maintenance,c1,noun,entretien,,
major,a2,adjective,plus grand,,
major,,noun,commandant,,
majority,b2,noun,majorité,,
make,b2,noun,marque,,
make,a1,verb,faire,,
make-up,b2,noun,maquillage,,
making,b2,noun,activité,,
male,a2,adjective,mâle,,
male,a2,noun,mâle,,
mall,b1,noun,centre commercial,,
man,a1,noun,homme,,
manage,a2,verb,gérer,,
management,b1,noun,administration,,
manager,a2,noun,directeur,,
mandate,c1,noun,mandat,,
mandatory,c1,adjective,obligatoire,,
manifest,c1,verb,manifester,,
manipulate,c1,verb,manipuler,,
manipulation,c1,noun,manipulation,,
manner,a2,noun,manière,,
manufacture,b2,verb,fabriquer,,
manufacturing,b2,noun,fabrication,,
manuscript,c1,noun,manuscrit,,
many,a1,determiner,beaucoup,,
many,a1,pronoun,beaucoup,,
map,a1,noun,plan,,
map,b2,verb,cartographier,,
marathon,b2,noun,marathon,,
march,a1,noun,mars,,
march,c1,noun,mars,,
march,c1,verb,marcher,,
margin,b2,noun,marge,,
marginal,c1,adjective,marginal,,
marine,c1,adjective,marin,,
mark,a2,noun,marque,,
mark,a2,verb,marquer,,
marker,b2,noun,marqueur,,
market,a1,noun,marché,,
market,b1,verb,commercialiser,,
marketing,b1,noun,marketing,,
marketplace,c1,noun,marché,,
marriage,b1,noun,mariage,,
married,a1,adjective,marié,,
marry,a2,verb,se marier,,
martial,b2,adjective,martial,,
mask,c1,noun,masque,,
mass,b2,adjective,masse,,
mass,b2,noun,masse,,
massacre,c1,noun,massacre,,
massive,b2,adjective,massif,,
master,b2,noun,maître,,
master,b2,verb,maître,,
match,a1,noun,allumette,,
match,a1,verb,combiner,,
matching,b2,adjective,See ensemble,,
mate,b2,noun,copain,,
mate,b2,verb,s'accoupler,,
material,b2,adjective,matériel,,
material,a2,noun,étoffe,,
mathematical,c1,adjective,mathématique,,
mathematics,a2,noun,mathématiques,,
maths,a2,noun,maths,,
matter,a2,noun,matière,,
matter,a2,verb,importer,,
mature,c1,adjective,mûr,,
mature,c1,verb,mûrir,,
maximize,c1,verb,maximiser,,
maximum,b2,adjective,maximum,,
maximum,b2,noun,maximum,,
may,a1,noun,mai,,
may,a2,modal verb,pouvoir,,
maybe,a1,adverb,peut-être,,
mayor,b2,noun,maire,,
me,a1,pronoun,moi,,
meal,a1,noun,repas,,
mean,a1,verb,signifier,,
meaning,a1,noun,sens,,
meaningful,c1,adjective,significatif,,
means,b2,noun,instrument,,
meantime,c1,noun,pendant ce temps,,
meanwhile,b1,adverb,pendant ce temps-là,,
measure,b1,noun,mesure,,
measure,b1,verb,mesurer,,
measurement,b2,noun,mesure,,
meat,a1,noun,viande,,
mechanic,b2,noun,mécanicien,,
mechanical,b2,adjective,mécanique,,
mechanism,b2,noun,mécanisme,,
medal,b2,noun,médaille,,
media,a2,noun,médias,,
medical,a2,adjective,médical,,
medication,b2,noun,médicament,,
medicine,a2,noun,remède,,
medieval,c1,adjective,médiéval,,
meditation,c1,noun,méditation,,
medium,b1,adjective,moyen,,
medium,b2,noun,médium,,
meet,a1,verb,rencontrer,,
meeting,a1,noun,réunion,,
melody,c1,noun,mélodie,,
melt,b2,verb,fondre,,
member,a1,noun,membre,,
membership,b2,noun,adhésion,,
memo,c1,noun,note,,
memoir,c1,noun,mémoires,,
memorable,b2,adjective,mémorable,,
memorial,c1,noun,mémorial,,
memory,a2,noun,mémoire,,
mental,b1,adjective,mental,,
mention,b1,noun,mention,,
mention,a2,verb,mentionner,,
mentor,c1,noun,mentor,,
menu,a1,noun,menu,,
merchant,c1,noun,marchand,,
mercy,c1,noun,miséricorde,,
mere,c1,adjective,simple,,
merely,c1,adverb,simplement,,
merge,c1,verb,fusionner,,
merger,c1,noun,fusion,,
merit,c1,noun,mérite,,
mess,b1,noun,désordre,,
message,a1,noun,message,,
metal,a2,noun,métal,,
metaphor,b2,noun,métaphore,,
method,a2,noun,méthode,,
methodology,c1,noun,méthodologie,,
metre,a1,noun,mètre,,
middle,a2,adjective,central,,
middle,a2,noun,milieu,,
midnight,a1,noun,minuit,,
midst,c1,noun,milieu,,
might,a2,modal verb,pourrait,,
migration,c1,noun,free,,
mild,b1,adjective,doux,,
mile,a1,noun,mille,,
militant,c1,adjective,militant,,
militant,c1,noun,militant,,
military,b2,adjective,militaire,,
military,b2,noun,armée,,
militia,c1,noun,milice,,
milk,a1,noun,lait,,
mill,c1,noun,usine,,
million,a1,number,million,,
mind,a2,noun,esprit,,
mind,a2,verb,déranger,,
mine,b1,noun,mine,,
mine,a2,pronoun,le mien,,
miner,b2,noun,mineur,,
mineral,b2,noun,minéral,,
minimal,c1,adjective,minimum,,
minimize,c1,verb,réduire,,
minimum,b2,adjective,minimum,,
minimum,b2,noun,minimum,,
mining,c1,noun,extraction minière,,
minister,b2,noun,ministre,,
ministry,c1,noun,ministère,,
minor,b2,adjective,mineur,,
minority,b2,noun,minorité,,
minute,c1,adjective,minuscule,,
minute,a1,noun,minute,,
miracle,c1,noun,miracle,,
mirror,a2,noun,miroir,,
miserable,b2,adjective,misérable,,
misery,c1,noun,misère,,
misleading,c1,adjective,trompeur,,
miss,a1,verb,manquer,,
missile,c1,noun,projectile,,
missing,a2,adjective,manquant,,
mission,b2,noun,mission,,
mistake,a1,noun,erreur,,
mistake,b2,verb,se tromper,,
mix,b1,noun,mélange,,
mix,b1,verb,mélanger,,
mixed,b2,adjective,mélangé,,
mixture,b1,noun,mélange,,
mob,c1,noun,foule,,
mobile,a2,adjective,mobile,,
mobile,a2,noun,mobile,,
mobility,c1,noun,mobilité,,
mobilize,c1,verb,mobiliser,,
mode,b2,noun,mode,,
model,a1,noun,modèle,,
model,b2,verb,modeler,,
moderate,c1,adjective,modéré,,
modern,a1,adjective,moderne,,
modest,b2,adjective,modeste,,
modification,c1,noun,modification,,
modify,b2,verb,modifier,,
moment,a1,noun,moment,,
momentum,c1,noun,élan,,
monday,a1,noun,lundi,,
money,a1,noun,argent,,
monitor,b2,noun,écran,,
monitor,b2,verb,contrôler,,
monk,c1,noun,moine,,
monkey,a2,noun,singe,,
monopoly,c1,noun,monopole,,
monster,b2,noun,monstre,,
month,a1,noun,mois,,
monthly,b2,adjective,mensuel,,
monument,b2,noun,monument,,
mood,b1,noun,humeur,,
moon,a2,noun,lune,,
moral,b2,adjective,moral,,
moral,b2,noun,morale,,
morality,c1,noun,moralité,,
more,a1,adverb,plus,,
more,a1,determiner,plus,,
more,a1,pronoun,plus,,
moreover,b2,adverb,en outre,,
morning,a1,noun,matin,,
mortgage,b2,noun,hypothèque,,
mosque,b2,noun,mosquée,,
most,a1,adverb,la plupart,,
most,a1,determiner,la plupart,,
most,a1,pronoun,la plupart,,
mostly,a2,adverb,surtout,,
mother,a1,noun,mère,,
motion,b2,noun,motion,,
motivate,b2,verb,motiver,,
motivation,b2,noun,motivation,,
motive,c1,noun,motif,,
motor,b2,adjective,moteur,,
motor,b2,noun,moteur,,
motorcycle,a2,noun,moto,,
motorist,c1,noun,automobiliste,,
mount,b2,verb,chevaucher,,
mountain,a1,noun,montagne,,
mouse,a1,noun,souris,,
mouth,a1,noun,bouche,,
move,b1,noun,déménagement,,
move,a1,verb,se mouvoir,,
movement,a2,noun,mouvement,,
movie,a1,noun,film,,
moving,b2,adjective,émouvant,,
much,a1,adverb,beaucoup,,
much,a1,determiner,beaucoup,,
much,a1,pronoun,beaucoup,,
mud,b1,noun,boue,,
multiple,b2,adjective,multiple,,
multiply,b2,verb,se multiplier,,
mum,a1,noun,maman,,
municipal,c1,adjective,municipal,,
murder,b1,noun,meurtre,,
murder,b1,verb,assassiner,,
muscle,b1,noun,muscle,,
museum,a1,noun,musée,,
music,a1,noun,musique,,
musical,a2,adjective,comédie musicale,,
musical,b1,noun,comédie musicale,,
musician,a2,noun,musicien,,
must,a1,modal verb,devoir,,
mutual,c1,adjective,mutuel,,
my,a1,determiner,mon,,
myself,a2,pronoun,moi-même,,
mysterious,b2,adjective,mystérieux,,
mystery,b1,noun,mystère,,
myth,b2,noun,mythe,,
nail,b1,noun,ongle,,
naked,b2,adjective,nu,,
name,a1,noun,nom,,
name,a1,verb,nommer,,
namely,c1,adverb,à savoir,,
narrative,b1,adjective,narratif,,
narrative,b1,noun,récit,,
narrow,a2,adjective,étroit,,
narrow,b2,verb,réduire,,
nasty,b2,adjective,méchant,,
nation,b1,noun,nation,,
national,a2,adjective,national,,
national,b2,noun,national,,
nationwide,c1,adjective,national,,
native,b1,adjective,autochtone,,
native,b1,noun,autochtone,,
natural,a1,adjective,naturel,,
naturally,b1,adverb,naturellement,,
nature,a2,noun,nature,,
naval,c1,adjective,naval,,
navigation,b2,noun,navigation,,
near,a1,adjective,près,,
near,a1,adverb,près,,
near,a1,preposition,près de,,
nearby,b2,adjective,proche,,
nearby,b2,adverb,à proximité,,
nearly,a2,adverb,presque,,
neat,b2,adjective,net,,
necessarily,b1,adverb,absolument,,
necessary,a2,adjective,nécessaire,,
necessity,b2,noun,nécessité,,
neck,a2,noun,cou,,
need,a2,noun,besoin,,
need,a1,verb,avoir besoin de,,
need,b1,modal verb,avoir besoin de,,
needle,b1,noun,aiguille,,
negative,a1,adjective,strictement négatif,,
negative,b2,noun,négatif,,
neglect,c1,noun,négligence,,
neglect,c1,verb,négliger,,
negotiate,b2,verb,négocier,,
negotiation,b2,noun,négociation,,
neighbour,a1,noun,voisin,,
neighbourhood,b1,noun,quartier,,
neighbouring,c1,adjective,voisin,,
neither,b1,adverb,ni l'un ni l'autre,,
neither,a2,determiner,ni l'un ni l'autre,,
neither,a2,pronoun,ni l'un ni l'autre,,
nerve,b2,noun,nerf,,
nervous,a2,adjective,nerveux,,
nest,c1,noun,nid,,
net,c1,adjective,net,,
net,b1,noun,réseau,,
network,a2,noun,réseau,,
neutral,b2,adjective,neutre,,
never,a1,adverb,jamais,,
nevertheless,b2,adverb,néanmoins,,
new,a1,adjective,nouveau,,
newly,b2,adverb,nouvellement,,
news,a1,noun,actualités,,
newsletter,c1,noun,bulletin,,
newspaper,a1,noun,journal,,
next,a1,adjective,proche,,
next,a1,adverb,puis,,
next,b1,noun,le suivant,,
next to,a1,preposition,à côté de,,
nice,a1,adjective,bon,,
niche,c1,noun,niche,,
night,a1,noun,nuit,,
nightmare,b2,noun,cauchemar,,
nine,a1,number,neuf,,
nineteen,a1,number,dix-neuf,,
ninety,a1,number,quatre-vingt-dix,,
no,a1,determiner,non,,
no,a1,exclamation,non,,
no one,a1,pronoun,personne,,
noble,c1,adjective,noble,,
nobody,a1,pronoun,personne,,
nod,c1,verb,hocher,,
noise,a2,noun,bruit,,
noisy,a2,adjective,bruyant,,
nominate,c1,verb,nommer,,
nomination,c1,noun,liste,,
nominee,c1,noun,candidat,,
non-profit,c1,adjective,à but non lucratif,,
none,a2,pronoun,personne,,
nonetheless,c1,adverb,néanmoins,,
nonsense,c1,noun,absurdité,,
noon,c1,noun,midi,,
nor,b1,adverb,ni,,
nor,b1,conjunction,ni,,
norm,b2,noun,norme,,
normal,a2,adjective,normal,,
normal,b1,noun,normale,,
normally,a2,adverb,normalement,,
north,a1,adjective,nord,,
north,a1,adverb,nord,,
north,a1,noun,nord,,
northern,b1,adjective,du nord,,
nose,a1,noun,nez,,
not,a1,adverb,ne ... pas,,
notable,c1,adjective,remarquable,,
notably,c1,adverb,notamment,,
note,a1,noun,note,,
note,b1,verb,noter,,
notebook,b2,noun,cahier,,
nothing,a1,pronoun,rien,,
notice,a2,noun,avis,,
notice,a2,verb,s'apercevoir,,
notify,c1,verb,notifier,,
notion,b2,noun,notion,,
notorious,c1,adjective,notoire,,
novel,c1,adjective,nouveau,,
novel,a2,noun,roman,,
novelist,b2,noun,romancier,,
november,a1,noun,novembre,,
now,a1,adverb,maintenant,,
now,b1,conjunction,maintenant,,
nowadays,b2,adverb,actuellement,,
nowhere,a2,adverb,nulle part,,
nuclear,b1,adjective,nucléaire,,
number,a1,noun,nombre,,
number,a2,verb,numéroter,,
numerous,b2,adjective,nombreux,,
nurse,a1,noun,infirmière,,
nursery,c1,noun,crèche,,
nursing,b2,noun,soins infirmiers,,
nut,a2,noun,noix,,
nutrition,b2,noun,nutrition,,
o'clock,a1,adverb,une heure,,
obesity,b2,noun,obésité,,
obey,b2,verb,obéir,,
object,a1,noun,objet,,
object,b2,verb,s'opposer,,
objection,c1,noun,objection,,
objective,b2,adjective,objectif,,
objective,b2,noun,objectif,,
obligation,b2,noun,obligation,,
oblige,c1,verb,imposer,,
observation,b2,noun,observation,,
observe,b2,verb,observer,,
observer,b2,noun,observateur,,
obsess,c1,verb,obséder,,
obsession,c1,noun,idée fixe,,
obstacle,b2,noun,obstacle,,
obtain,b2,verb,obtenir,,
obvious,b1,adjective,évident,,
obviously,b1,adverb,évidemment,,
occasion,b1,noun,occasion,,
occasional,c1,adjective,occasionnel,,
occasionally,b2,adverb,occasionnellement,,
occupation,b2,noun,occupation,,
occupy,b2,verb,occuper,,
occur,b1,verb,avoir lieu,,
occurrence,c1,noun,occurrence,,
ocean,a2,noun,océan,,
october,a1,noun,octobre,,
odd,b1,adjective,bizarre,,
odds,c1,noun,probabilités,,
of,a1,preposition,de,,
off,a1,adverb,éteint,,
off,a1,preposition,hors de,,
offence,b2,noun,infraction,,
offend,b2,verb,offenser,,
offender,b2,noun,délinquant,,
offensive,b2,adjective,offensant,,
offer,a2,noun,offre,,
offer,a2,verb,offrir,,
offering,c1,noun,offre,,
office,a1,noun,office,,
officer,a2,noun,officier,,
official,b1,adjective,officiel,,
official,b2,noun,fonctionnaire,,
offspring,c1,noun,descendance,,
often,a1,adverb,souvent,,
oh,a1,exclamation,oh,,
oil,a2,noun,huile,,
ok,a1,adjective,permis,,
ok,a1,adverb,correctement,,
ok,a1,exclamation,d'accord,,
old,a1,adjective,ancien,,
old-fashioned,b1,adjective,démodé,,
on,a1,adverb,sur,,
on,a1,preposition,sur,,
once,a1,adverb,une fois,,
once,b1,conjunction,une fois que,,
one,a1,determiner,un,,
one,a1,number,un,,
one,a1,pronoun,on,,
ongoing,b2,adjective,en cours,,
onion,a1,noun,oignon,,
online,a1,adjective,en ligne,,
online,a1,adverb,en ligne,,
only,a1,adjective,seul,,
only,a1,adverb,seulement,,
onto,a2,preposition,sur,,
open,a1,adjective,ouvert,,
open,a1,verb,ouvrir,,
opening,b2,noun,ouverture,,
openly,b2,adverb,ouvertement,,
opera,b2,noun,opéra,,
operate,b2,verb,opérer,,
operation,b1,noun,opération,,
operational,c1,adjective,opérationnel,,
operator,b2,noun,opérateur,,
opinion,a1,noun,avis,,
opponent,b2,noun,adversaire,,
opportunity,a2,noun,occasion,,
oppose,b2,verb,opposer,,
opposed,b2,adjective,opposé,,
opposite,a1,adjective,opposé,,
opposite,a1,adverb,en face,,
opposite,a1,noun,contraire,,
opposite,a1,preposition,en face de,,
opposition,b2,noun,opposition,,
opt,c1,verb,opter,,
optical,c1,adjective,optique,,
optimism,c1,noun,optimisme,,
optimistic,b2,adjective,optimiste,,
option,a2,noun,choix,,
or,a1,conjunction,ou,,
oral,c1,adjective,oral,,
orange,a1,adjective,orange,,
orange,a1,noun,orange,,
orchestra,b2,noun,orchestre,,
order,a1,noun,ordre,,
order,a1,verb,commander,,
ordinary,a2,adjective,ordinaire,,
organ,b2,noun,orgue,,
organic,b2,adjective,organique,,
organization,a2,noun,organisation,,
organizational,c1,adjective,organisationnel,,
organize,a2,verb,organiser,,
organized,b1,adjective,organisé,,
organizer,b1,noun,organisateur,,
orientation,c1,noun,orientation,,
origin,b2,noun,origine,,
original,a2,adjective,original,,
original,b1,noun,original,,
originally,b1,adverb,à l'origine,,
originate,c1,verb,instituer,,
other,a1,adjective,autre,,
other,a1,pronoun,autre,,
otherwise,b2,adverb,autrement,,
ought,b1,modal verb,devoir,,
our,a1,determiner,notre,,
ours,b1,pronoun,le nôtre,,
ourselves,a2,pronoun,nous-mêmes,,
out,a1,adverb,dehors,,
out,a1,preposition,hors de,,
outbreak,c1,noun,irruption,,
outcome,b2,noun,issue,,
outdoor,b1,adjective,de plein air,,
outdoors,b1,adverb,en plein air,,
outer,b2,adjective,extérieur,,
outfit,b2,noun,complet,,
outing,c1,noun,sortie,,
outlet,c1,noun,issue,,
outline,b2,noun,silhouette,,
outline,b2,verb,esquisser,,
outlook,c1,noun,vue,,
output,b2,noun,production,,
outrage,c1,noun,colère,,
outrage,c1,verb,indigner,,
outside,a2,adjective,externe,,
outside,a1,adverb,dehors,,
outside,a2,noun,extérieur,,
outside,a2,preposition,hors de,,
outsider,c1,noun,outsider,,
outstanding,b2,adjective,exceptionnel,,
oven,a2,noun,four,,
over,a1,adverb,encore,,
over,a1,preposition,au-dessus de,,
overall,b2,adjective,total,,
overall,b2,adverb,total,,
overcome,b2,verb,vaincre,,
overlook,c1,verb,surveiller,,
overly,c1,adverb,trop,,
overnight,b2,adverb,du jour au lendemain,,
overseas,b2,adjective,d'outre-mer,,
overseas,b2,adverb,à l'étranger,,
oversee,c1,verb,superviser,,
overturn,c1,verb,casser,,
overwhelm,c1,verb,combler,,
overwhelming,c1,adjective,accablant,,
owe,b2,verb,devoir,,
own,a1,adjective,propre,,
own,a1,pronoun,propre,,
own,a2,verb,posséder,,
owner,a2,noun,propriétaire,,
ownership,b2,noun,propriété,,
oxygen,b2,noun,oxygène,,
pace,b2,noun,rythme,,
pace,b2,verb,arpenter,,
pack,b1,noun,paquet,,
pack,a2,verb,emballer,,
package,b1,noun,paquet,,
package,b2,verb,empaqueter,,
packet,b2,noun,paquet,,
pad,c1,noun,bloc,,
page,a1,noun,page,,
pain,a2,noun,douleur,,
painful,b1,adjective,pénible,,
paint,a1,noun,peinture,,
paint,a1,verb,peindre,,
painter,a2,noun,peintre,,
painting,a1,noun,art pictural,,
pair,a1,noun,paire,,
palace,a2,noun,palais,,
pale,b1,adjective,pâle,,
palm,b2,noun,paume,,
pan,b1,noun,Pan,,
panel,b2,noun,panneau,,
panic,b2,noun,panique,,
pants,a2,noun,pantalon,,
paper,a1,noun,papier,,
parade,b2,noun,défilé,,
paragraph,a1,noun,paragraphe,,
parallel,b2,adjective,parallèle,,
parallel,b2,noun,parallèle,,
parameter,c1,noun,paramètre,,
parent,a1,noun,parent,,
parental,c1,adjective,parental,,
parish,c1,noun,paroisse,,
park,a1,noun,parc,,
park,a1,verb,garer,,
parking,a2,noun,stationnement,,
parliament,b2,noun,parlement,,
parliamentary,c1,adjective,parlementaire,,
part,a1,noun,rôle,,
part-time,b2,adjective,à temps partiel,,
partial,c1,adjective,partial,,
partially,c1,adverb,en partie,,
participant,b2,noun,participant,,
participate,b1,verb,participer,,
participation,b2,noun,participation,,
particular,a2,adjective,particulier,,
particularly,b1,adverb,particulièrement,,
partly,b2,adverb,en partie,,
partner,a1,noun,partenaire,,
partnership,b2,noun,partenariat,,
party,a1,noun,parti,,
pass,b1,noun,laissez-passer,,
pass,a2,verb,passer,,
passage,b2,noun,passage,,
passenger,a2,noun,passager,,
passing,c1,noun,passage,,
passion,b1,noun,passion,,
passionate,b2,adjective,passionné,,
passive,c1,adjective,passive,,
passport,a1,noun,passeport,,
password,b2,noun,mot de passe,,
past,a1,adjective,passé,,
past,a2,adverb,passé,,
past,a1,noun,passé,,
past,a1,preposition,après,,
pastor,c1,noun,pasteur,,
patch,c1,noun,patch,,
patent,c1,noun,brevet,,
path,b1,noun,chemin,,
pathway,c1,noun,voie,,
patience,b2,noun,patience,,
patient,b2,adjective,patient,,
patient,a2,noun,patient,,
patrol,c1,noun,patrouille,,
patrol,c1,verb,patrouiller,,
patron,c1,noun,client,,
pattern,a2,noun,patron,,
pause,b2,noun,pause,,
pause,b2,verb,faire une pause,,
pay,a2,noun,paie,,
pay,a1,verb,payer,,
payment,b1,noun,paiement,,
peace,a2,noun,paix,,
peaceful,b1,adjective,paisible,,
peak,c1,noun,sommet,,
peasant,c1,noun,paysan,,
peculiar,c1,adjective,particulier,,
peer,b2,noun,pair,,
pen,a1,noun,cygne femelle,,
penalty,b2,noun,pénalité,,
pencil,a1,noun,crayon,,
penny,a2,noun,penny,,
pension,b2,noun,pension,,
people,a1,noun,peuple,,
pepper,a1,noun,poivre,,
per,a2,preposition,à,,
per cent,a2,adjective,pour cent,,
per cent,a2,adverb,pour cent,,
per cent,a2,noun,pourcentage,,
perceive,b2,verb,percevoir,,
percentage,b1,noun,pourcentage,,
perception,b2,noun,perception,,
perfect,a1,adjective,parfait,,
perfectly,b1,adverb,parfaitement,,
perform,a2,verb,exécuter,,
performance,b1,noun,performance,,
perhaps,a2,adverb,peut-être,,
period,a1,noun,période,,
permanent,b2,adjective,permanent,,
permanently,b2,adverb,en permanence,,
permission,a2,noun,permission,,
permit,b2,noun,permis,,
permit,b2,verb,permettre,,
persist,c1,verb,persister,,
persistent,c1,adjective,persistant,,
person,a1,noun,personne,,
personal,a1,adjective,personnel,,
personality,a2,noun,personnalité,,
personally,b1,adverb,personnellement,,
personnel,c1,noun,personnel,,
perspective,b2,noun,perspective,,
persuade,b1,verb,persuader,,
pet,a2,noun,chouchou,,
petition,c1,noun,pétition,,
petrol,a2,noun,essence,,
phase,b2,noun,phase,,
phenomenon,b2,noun,phénomène,,
philosopher,c1,noun,philosophe,,
philosophical,c1,adjective,philosophique,,
philosophy,b2,noun,philosophie,,
phone,a1,noun,téléphone,,
phone,a1,verb,téléphoner,,
photo,a1,noun,photo,,
photograph,a1,noun,photo,,
photograph,a2,verb,photographier,,
photographer,b1,noun,photographe,,
photography,b1,noun,photographie,,
phrase,a1,noun,expression,,
physical,a2,adjective,physique,,
physician,c1,noun,médecin,,
physics,a2,noun,physique,,
piano,a1,noun,piano,,
pick,b2,noun,écran,,
pick,a2,verb,cueillir,,
picture,a1,noun,image,,
picture,b2,verb,imaginer,,
piece,a1,noun,pièce,,
pig,a1,noun,cochon,,
pile,b2,noun,tas,,
pile,b2,verb,empiler,,
pill,b2,noun,pilule,,
pilot,a2,noun,pilote,,
pin,b1,noun,épingle,,
pin,b1,verb,clouer,,
pink,a1,adjective,rose,,
pink,a1,noun,rose,,
pioneer,c1,noun,pionnier,,
pioneer,c1,verb,pionnier,,
pipe,b1,noun,pipe,,
pipeline,c1,noun,pipeline,,
pirate,c1,noun,pirate,,
pit,c1,noun,fosse,,
pitch,b2,noun,terrain,,
pity,b2,noun,compassion,,
place,a1,noun,place,,
place,b1,verb,se placer,,
placement,b2,noun,placement,,
plain,b2,adjective,simple,,
plan,a1,noun,plan,,
plan,a1,verb,projeter,,
plane,a1,noun,avion,,
planet,a2,noun,planète,,
planning,b1,noun,planification,,
plant,a1,noun,plante,,
plant,a2,verb,planter,,
plastic,a2,adjective,plastique,,
plastic,a2,noun,plastique,,
plate,a2,noun,plat,,
platform,a2,noun,quai,,
play,a1,noun,pièce de théâtre,,
play,a1,verb,jouer,,
player,a1,noun,acteur,,
plea,c1,noun,plaidoyer,,
plead,c1,verb,plaider,,
pleasant,b1,adjective,agréable,,
please,a1,exclamation,s'il vous plaît,,
please,a2,verb,plaire,,
pleased,a2,adjective,content,,
pleasure,b1,noun,plaisir,,
pledge,c1,noun,gage,,
pledge,c1,verb,promettre,,
plenty,b1,pronoun,beaucoup,,
plot,b1,noun,intrigue,,
plot,b2,verb,conspirer,,
plug,c1,noun,bouchon,,
plug,c1,verb,boucher,,
plunge,c1,verb,plonger,,
plus,b2,adjective,plus,,
plus,b2,conjunction,plus,,
plus,b2,noun,plus,,
plus,b1,preposition,plus,,
pocket,a2,noun,poche,,
poem,b1,noun,poème,,
poet,b1,noun,poète,,
poetry,b1,noun,poésie,,
point,a1,noun,pointe,,
point,b1,verb,pointer,,
pointed,b2,adjective,pointu,,
poison,b1,noun,poison,,
poison,b1,verb,empoisonner,,
poisonous,b1,adjective,toxique,,
pole,c1,noun,pôle,,
police,a1,noun,police,,
policeman,a1,noun,policier,,
policy,b1,noun,politique,,
polite,a2,adjective,poli,,
political,b1,adjective,politique,,
politician,b1,noun,politicien,,
politics,b1,noun,politique,,
poll,c1,noun,sondage,,
pollution,a2,noun,pollution,,
pond,c1,noun,étang,,
pool,a1,noun,piscine,,
poor,a1,adjective,pauvre,,
pop,a2,adjective,pop,,
pop,a2,noun,pop,,
pop,c1,verb,éclater,,
popular,a1,adjective,populaire,,
popularity,b2,noun,popularité,,
population,a2,noun,population,,
port,b1,noun,port,,
portfolio,c1,noun,portefeuille,,
portion,b2,noun,part,,
portrait,b1,noun,portrait,,
portray,c1,verb,dépeindre,,
pose,b2,verb,poser,,
position,a2,noun,position,,
position,b2,verb,positionner,,
positive,a1,adjective,positif,,
positive,b2,noun,positif,,
possess,b2,verb,posséder,,
possession,a2,noun,possession,,
possibility,a2,noun,possibilité,,
possible,a1,adjective,possible,,
possibly,b1,adverb,peut-être,,
post,a1,noun,poste,,
post,a1,verb,poster,,
post-war,c1,adjective,après-guerre,,
poster,a2,noun,affiche,,
postpone,c1,verb,ajourner,,
pot,b1,noun,pot,,
potato,a1,noun,pomme de terre,,
potential,b2,adjective,potentiel,,
potential,b2,noun,possibilités,,
potentially,b2,adverb,potentiellement,,
pound,a1,noun,livre,,
pour,b1,verb,verser,,
poverty,b1,noun,pauvreté,,
powder,b1,noun,poudre,,
power,a2,noun,puissance,,
power,b2,verb,alimenter,,
powerful,b1,adjective,puissant,,
practical,b1,adjective,pratique,,
practice,a1,noun,pratique,,
practise,a1,verb,exercer,,
practitioner,c1,noun,praticien,,
praise,b2,noun,louange,,
praise,b2,verb,louer,,
pray,b1,verb,prier,,
prayer,b1,noun,prière,,
preach,c1,verb,prêcher,,
precede,b2,verb,précéder,,
precedent,c1,noun,précédent,,
precious,b2,adjective,précieux,,
precise,b2,adjective,précis,,
precisely,b2,adverb,précisément,,
precision,c1,noun,précision,,
predator,c1,noun,prédateur,,
predecessor,c1,noun,précédent,,
predict,a2,verb,prédire,,
predictable,b2,adjective,prévisible,,
prediction,b1,noun,prédiction,,
predominantly,c1,adverb,principalement,,
prefer,a1,verb,préférer,,
preference,b2,noun,préférence,,
pregnancy,c1,noun,grossesse,,
pregnant,b2,adjective,enceinte,,
prejudice,c1,noun,préjugé,,
preliminary,c1,adjective,préliminaire,,
premier,c1,adjective,premier,,
premise,c1,noun,prémisse,,
premium,c1,noun,prix,,
preparation,b2,noun,préparation,,
prepare,a1,verb,préparer,,
prepared,b1,adjective,préparé,,
prescribe,c1,verb,prescrire,,
prescription,c1,noun,ordonnance,,
presence,b2,noun,présence,,
present,a1,adjective,présent,,
present,a1,noun,présent,,
present,a2,verb,présenter,,
presentation,b1,noun,exposé,,
presently,c1,adverb,actuellement,,
preservation,c1,noun,préservation,,
preserve,b2,verb,préserver,,
preside,c1,verb,présider,,
presidency,c1,noun,présidence,,
president,a2,noun,président,,
presidential,c1,adjective,présidentiel,,
press,b1,noun,presse,,
press,b1,verb,presser,,
pressure,b1,noun,pression,,
prestigious,c1,adjective,prestigieux,,
presumably,c1,adverb,vraisemblablement,,
presume,c1,verb,supposer,,
pretend,b1,verb,prétendre,,
pretty,a1,adjective,joli,,
pretty,a1,adverb,pas mal,,
prevail,c1,verb,prédominer,,
prevalence,c1,noun,prévalence,,
prevent,a2,verb,empêcher,,
prevention,c1,noun,prévention,,
previous,b1,adjective,préalable,,
previously,b1,adverb,autrefois,,
prey,c1,noun,proie,,
price,a1,noun,prix,,
price,b2,verb,fixer le prix de,,
pride,b2,noun,orgueil,,
priest,b1,noun,prêtre,,
primarily,b2,adverb,principalement,,
primary,b1,adjective,primaire,,
prime,b2,adjective,de premier ordre,,
prince,b1,noun,prince,,
princess,b1,noun,princesse,,
principal,b2,adjective,principal,,
principal,c1,noun,principal,,
principle,b2,noun,principe,,
print,b2,noun,empreinte,,
print,a2,verb,imprimer,,
printer,a2,noun,imprimante,,
printing,b1,noun,impression,,
prior,b2,adjective,préalable,,
priority,b2,noun,priorité,,
prison,a2,noun,prison,,
prisoner,b1,noun,prisonnier,,
privacy,b2,noun,intimité,,
private,b1,adjective,privé,,
privatization,c1,noun,privatisation,,
privilege,c1,noun,privilège,,
prize,a2,noun,prix,,
probability,b2,noun,probabilité,,
probable,b2,adjective,probable,,
probably,a1,adverb,probablement,,
probe,c1,noun,perche,,
probe,c1,verb,sonder,,
problem,a1,noun,problème,,
problematic,c1,adjective,problématique,,
procedure,b2,noun,procédé,,
proceed,b2,verb,procéder,,
proceeding,c1,noun,procédure,,
proceeds,c1,noun,recettes,,
process,a2,noun,recette,,
process,b2,verb,traiter,,
processing,c1,noun,traitement,,
processor,c1,noun,processeur,,
proclaim,c1,verb,proclamer,,
produce,b2,noun,produits,,
produce,a2,verb,produire,,
producer,b1,noun,producteur,,
product,a1,noun,produit,,
production,b1,noun,production,,
productive,c1,adjective,productif,,
productivity,c1,noun,productivité,,
profession,b1,noun,profession,,
professional,a2,adjective,professionnel,,
professional,b2,noun,professionnel,,
professor,a2,noun,professeur,,
profile,a2,noun,profil,,
profit,b1,noun,profit,,
profitable,c1,adjective,profitable,,
profound,c1,adjective,profond,,
program,a2,noun,programme,,
program,b1,verb,programmer,,
programme,a1,noun,programme,,
programming,b2,noun,programmation,,
progress,a2,noun,progrès,,
progress,b2,verb,progresser,,
progressive,b2,adjective,progressif,,
prohibit,b2,verb,interdire,,
project,a1,noun,projet,,
project,b2,verb,projeter,,
projection,c1,noun,saillie,,
prominent,c1,adjective,proéminent,,
promise,a2,noun,promesse,,
promise,a2,verb,promettre,,
promising,b2,adjective,prometteur,,
promote,b1,verb,promouvoir,,
promotion,b2,noun,promotion,,
prompt,b2,verb,inciter,,
pronounce,a2,verb,prononcer,,
pronounced,c1,adjective,prononcé,,
proof,b2,noun,preuve,,
propaganda,c1,noun,propagande,,
proper,b1,adjective,convenable,,
properly,b1,adverb,proprement,,
property,b1,noun,propriété,,
proportion,b2,noun,proportion,,
proposal,b2,noun,proposition,,
propose,b2,verb,proposer,,
proposition,c1,noun,proposition,,
prosecute,c1,verb,poursuivre,,
prosecution,c1,noun,poursuites,,
prosecutor,c1,noun,procureur,,
prospect,b2,noun,perspective,,
prospective,c1,adjective,potentiel,,
prosperity,c1,noun,prospérité,,
protect,a2,verb,protéger,,
protection,b2,noun,protection,,
protective,c1,adjective,protecteur,,
protein,b2,noun,protéine,,
protest,b1,noun,protestation,,
protest,b1,verb,protester,,
protester,b2,noun,manifestant,,
protocol,c1,noun,protocole,,
proud,b1,adjective,fier,,
prove,b1,verb,prouver,,
provide,a2,verb,pourvoir,,
province,c1,noun,province,,
provincial,c1,adjective,provincial,,
provision,c1,noun,provision,,
provoke,c1,verb,provoquer,,
psychiatric,c1,adjective,psychiatrique,,
psychological,b2,adjective,psychologique,,
psychologist,b2,noun,psychologue,,
psychology,b2,noun,psychologie,,
pub,a2,noun,pub,,
public,a2,adjective,public,,
public,a2,noun,public,,
publication,b2,noun,publication,,
publicity,b2,noun,publicité,,
publish,a2,verb,publier,,
publishing,b2,noun,édition,,
pull,b1,noun,influence,,
pull,a2,verb,tirer,,
pulse,c1,noun,pouls,,
pump,c1,noun,pompe,,
pump,c1,verb,pomper,,
punch,c1,noun,punch,,
punch,c1,verb,poinçonner,,
punish,b1,verb,punir,,
punishment,b1,noun,punition,,
punk,b2,noun,vaurien,,
pupil,b2,noun,élève,,
purchase,b2,noun,achat,,
purchase,b2,verb,acheter,,
pure,b2,adjective,pur,,
purely,b2,adverb,purement,,
purple,a1,adjective,pourpre,,
purple,a1,noun,pourpre,,
purpose,a2,noun,but,,
pursue,b2,verb,poursuivre,,
pursuit,b2,noun,poursuite,,
push,b1,noun,poussée,,
push,a2,verb,pousser,,
put,a1,verb,mettre,,
puzzle,b2,noun,puzzle,,
qualification,b1,noun,qualification,,
qualified,b1,adjective,qualifié,,
qualify,b1,verb,qualifier,,
quality,a2,noun,qualité,,
quantity,a2,noun,quantité,,
quarter,a1,noun,quartier,,
queen,a2,noun,dame,,
query,c1,noun,requête,,
quest,c1,noun,quête,,
question,a1,noun,question,,
question,a2,verb,questionner,,
questionnaire,b2,noun,questionnaire,,
queue,b1,noun,file,,
queue,b1,verb,faire la queue,,
quick,a1,adjective,rapide,,
quickly,a1,adverb,rapidement,,
quiet,a1,adjective,tranquille,,
quietly,a2,adverb,paisablement,,
quit,b1,verb,quitter,,
quite,a1,adverb,complètement,,
quota,c1,noun,quota,,
quotation,b1,noun,citation,,
quote,b1,noun,citation,,
quote,b1,verb,citer,,
race,a2,noun,race,,
race,a2,verb,s'élancer,,
racial,b2,adjective,racial,,
racing,b1,noun,course,,
racism,b2,noun,racisme,,
racist,b2,adjective,raciste,,
racist,b2,noun,raciste,,
radar,c1,noun,radar,,
radiation,b2,noun,radiation,,
radical,c1,adjective,radical,,
radio,a1,noun,radio,,
rage,c1,noun,rage,,
raid,c1,noun,raid,,
raid,c1,verb,faire une descente,,
rail,b2,noun,rail,,
railway,a2,noun,chemin de fer,,
rain,a1,noun,pluie,,
rain,a1,verb,pleuvoir,,
raise,a2,verb,élever,,
rally,c1,noun,rallye,,
rally,c1,verb,rallier,,
random,b2,adjective,accidentel,,
range,b1,noun,terrain,,
range,b2,verb,varier,,
rank,b2,noun,rangée,,
rank,b2,verb,coter,,
ranking,c1,noun,classement,,
rape,c1,noun,viol,,
rape,c1,verb,pirater,,
rapid,b2,adjective,rapide,,
rapidly,b2,adverb,rapidement,,
rare,b1,adjective,rare,,
rarely,b1,adverb,rarement,,
rat,b2,noun,rat,,
rate,a2,noun,taux,,
rate,b2,verb,coter,,
rather,a2,adverb,plutôt,,
rating,b2,noun,évaluation,,
ratio,c1,noun,rapport,,
rational,c1,adjective,rationnel,,
raw,b2,adjective,brut,,
ray,c1,noun,rayon,,
reach,b2,noun,portée,,
reach,a2,verb,atteindre,,
react,a2,verb,réagir,,
reaction,b1,noun,réaction,,
read,a1,verb,lire,,
reader,a1,noun,lecteur,,
readily,c1,adverb,facilement,,
reading,a1,noun,lecture,,
ready,a1,adjective,prêt,,
real,a1,adjective,réel,,
realistic,b2,adjective,réaliste,,
reality,b1,noun,réalité,,
realization,c1,noun,connaissance,,
realize,a2,verb,se rendre compte,,
really,a1,adverb,vraiment,,
realm,c1,noun,domaine,,
rear,c1,adjective,arrière,,
rear,c1,noun,arrière,,
reason,a1,noun,raison,,
reasonable,b2,adjective,raisonnable,,
reasonably,b2,adverb,raisonnablement,,
reasoning,c1,noun,raisonnement,,
reassure,c1,verb,tranquilliser,,
rebel,c1,noun,rebelle,,
rebellion,c1,noun,rébellion,,
rebuild,b2,verb,reconstruire,,
recall,b2,verb,rappeler,,
receipt,b1,noun,recette,,
receive,a2,verb,recevoir,,
receiver,b2,noun,récepteur,,
recent,a2,adjective,récent,,
recently,a2,adverb,dernièrement,,
reception,a2,noun,réception,,
recession,b2,noun,récession,,
recipe,a2,noun,recette,,
recipient,c1,noun,destinataire,,
reckon,b2,verb,estimer,,
recognition,b2,noun,reconnaissance,,
recognize,a2,verb,reconnaître,,
recommend,a2,verb,recommander,,
recommendation,b1,noun,recommandation,,
reconstruction,c1,noun,reconstitution,,
record,a2,noun,record,,
record,a2,verb,enregistrer,,
recording,a2,noun,enregistrement,,
recount,c1,verb,recompter,,
recover,b2,verb,récupérer,,
recovery,b2,noun,récupération,,
recruit,b2,noun,recrue,,
recruit,b2,verb,recruter,,
recruitment,b2,noun,recrutement,,
recycle,a2,verb,recycler,,
red,a1,adjective,rouge,,
red,a1,noun,rouge,,
reduce,a2,verb,réduire,,
reduction,b2,noun,réduction,,
refer,a2,verb,référer,,
referee,b2,noun,arbitre,,
reference,b1,noun,référence,,
referendum,c1,noun,référendum,,
reflect,b1,verb,réfléchir,,
reflection,c1,noun,reflet,,
reform,c1,noun,réforme,,
reform,c1,verb,réformer,,
refuge,c1,noun,refuge,,
refugee,b2,noun,réfugié,,
refusal,c1,noun,refus,,
refuse,a2,verb,refuser,,
regain,c1,verb,reconquérir,,
regard,b2,noun,estime,,
regard,b2,verb,considérer,,
regardless,c1,adverb,malgré tout,,
regime,c1,noun,régime,,
region,a2,noun,région,,
regional,b2,adjective,régional,,
register,b2,noun,inscription,,
register,b2,verb,enregistrer,,
registration,b2,noun,enregistrement,,
regret,b2,noun,regret,,
regret,b2,verb,regretter,,
regular,a2,adjective,régulier,,
regularly,b1,adverb,régulièrement,,
regulate,b2,verb,régler,,
regulation,b2,noun,règlement,,
regulator,c1,noun,régulateur,,
regulatory,c1,adjective,régulateur,,
rehabilitation,c1,noun,réhabilitation,,
reign,c1,noun,règne,,
reign,c1,verb,régner,,
reinforce,b2,verb,renforcer,,
reject,b1,verb,rejeter,,
rejection,c1,noun,refus,,
relate,b1,verb,concerner,,
related,b1,adjective,lié,,
relation,b1,noun,relation,,
relationship,a2,noun,relation,,
relative,b1,adjective,relatif,,
relative,b1,noun,parent,,
relatively,b2,adverb,relativement,,
relax,a1,verb,relâcher,,
relaxed,b1,adjective,détendu,,
relaxing,b1,adjective,relaxant,,
release,b1,noun,version,,
release,b1,verb,libérer,,
relevance,c1,noun,pertinence,,
relevant,b2,adjective,pertinent,,
reliability,c1,noun,fiabilité,,
reliable,b1,adjective,sûr,,
relief,b2,noun,soulagement,,
relieve,b2,verb,soulager,,
relieved,b2,adjective,soulagé,,
religion,b1,noun,religion,,
religious,b1,adjective,religieux,,
reluctant,c1,adjective,réservé,,
rely,b2,verb,compter sur,,
remain,b1,verb,rester,,
remainder,c1,noun,reste,,
remains,c1,noun,reste,,
remark,b2,noun,remarque,,
remark,b2,verb,faire remarquer,,
remarkable,b2,adjective,remarquable,,
remarkably,b2,adverb,remarquablement,,
remedy,c1,noun,remède,,
remember,a1,verb,se rappeler,,
remind,b1,verb,rappeler à,,
reminder,c1,noun,rappel,,
remote,b1,adjective,éloigné,,
removal,c1,noun,déménagement,,
remove,a2,verb,enlever,,
render,c1,verb,rendre,,
renew,c1,verb,renouveler,,
renowned,c1,adjective,reconnu,,
rent,b1,noun,loyer,,
rent,b1,verb,louer,,
rental,c1,noun,location,,
repair,b1,noun,réparation,,
repair,a2,verb,réparer,,
repeat,b1,noun,répétition,,
repeat,a1,verb,répéter,,
repeated,b1,adjective,répété,,
replace,a2,verb,remplacer,,
replacement,c1,noun,remplaçant,,
reply,a2,noun,réponse,,
reply,a2,verb,répondre,,
report,a1,noun,rapport,,
report,a2,verb,rapporter,,
reportedly,c1,adverb,supposément,,
reporter,a2,noun,reporter,,
reporting,b2,noun,reportage,,
represent,b1,verb,représenter,,
representation,c1,noun,représentation,,
representative,b2,adjective,typique,,
representative,b2,noun,représentant,,
reproduce,c1,verb,reproduire,,
reproduction,c1,noun,reproduction,,
republic,c1,noun,république,,
reputation,b2,noun,réputation,,
request,a2,noun,requête,,
request,b1,verb,demander,,
require,b1,verb,exiger,,
requirement,b2,noun,contrainte,,
rescue,b2,noun,sauvetage,,
rescue,b2,verb,sauver,,
research,a2,noun,recherche,,
research,a2,verb,examiner,,
researcher,a2,noun,chercheur,,
resemble,c1,verb,ressembler à,,
reservation,b1,noun,réservation,,
reserve,b2,noun,réserve,,
reserve,b2,verb,réserver,,
reside,c1,verb,habiter,,
residence,c1,noun,résidence,,
resident,b2,adjective,résident,,
resident,b2,noun,résident,,
residential,c1,adjective,résidentiel,,
residue,c1,noun,résidu,,
resign,b2,verb,se résigner,,
resignation,c1,noun,démission,,
resist,b2,verb,résister,,
resistance,c1,noun,résistance,,
resolution,b2,noun,résolution,,
resolve,b2,verb,résoudre,,
resort,b2,noun,sortie,,
resource,b1,noun,ressource,,
respect,b1,noun,respect,,
respect,b1,verb,respecter,,
respective,c1,adjective,respectif,,
respectively,c1,adverb,respectivement,,
respond,a2,verb,répondre,,
response,a2,noun,réponse,,
responsibility,b1,noun,responsabilité,,
responsible,b1,adjective,responsable,,
rest,a2,noun,repos,,
rest,a2,verb,se reposer,,
restaurant,a1,noun,restaurant,,
restoration,c1,noun,restauration,,
restore,b2,verb,restaurer,,
restraint,c1,noun,frein,,
restrict,b2,verb,restreindre,,
restriction,b2,noun,restriction,,
result,a1,noun,résultat,,
result,b1,verb,résulter,,
resume,c1,verb,recommencer,,
retail,b2,noun,vente au détail,,
retain,b2,verb,retenir,,
retire,b1,verb,se retirer,,
retired,b1,adjective,retraité,,
retirement,b2,noun,retraite,,
retreat,c1,noun,retraite,,
retreat,c1,verb,se retirer,,
retrieve,c1,verb,récupérer,,
return,a1,noun,retour,,
return,a1,verb,revenir,,
reveal,b2,verb,révéler,,
revelation,c1,noun,révélation,,
revenge,c1,noun,vengeance,,
revenue,b2,noun,revenu,,
reverse,c1,adjective,inverse,,
reverse,c1,noun,contraire,,
reverse,c1,verb,retourner,,
review,a2,noun,critique,,
review,a2,verb,examiner,,
revise,b1,verb,revoir,,
revision,b2,noun,révision,,
revival,c1,noun,réveil,,
revive,c1,verb,relancer,,
revolution,b2,noun,révolution,,
revolutionary,c1,adjective,révolutionnaire,,
reward,b2,noun,récompense,,
reward,b2,verb,récompenser,,
rhetoric,c1,noun,rhétorique,,
rhythm,b2,noun,rythme,,
rice,a1,noun,riz,,
rich,a1,adjective,riche,,
rid,b2,verb,débarrasser,,
ride,a2,noun,bagnole,,
ride,a1,verb,rouler,,
ridiculous,b2,adjective,ridicule,,
rifle,c1,noun,fusil,,
right,a1,adjective,droit,,
right,a1,adverb,à droite,,
right,a1,noun,droit,,
ring,a2,noun,anneau,,
ring,a2,verb,sonner,,
riot,c1,noun,émeute,,
rip,c1,verb,ripper,,
rise,b1,noun,montée,,
rise,a2,verb,se lever,,
risk,b1,noun,risque,,
risk,b1,verb,risquer,,
risky,b2,adjective,risqué,,
ritual,c1,noun,rituel,,
rival,b2,adjective,rival,,
rival,b2,noun,rival,,
river,a1,noun,fleuve,,
road,a1,noun,chemin,,
rob,b2,verb,voler,,
robbery,b2,noun,vol,,
robot,b1,noun,robot,,
robust,c1,adjective,robuste,,
rock,a2,noun,roc,,
rock,c1,verb,bercer,,
rocket,b2,noun,fusée,,
rod,c1,noun,tige,,
role,a2,noun,rôle,,
roll,b1,noun,rouleau,,
roll,b1,verb,rouler,,
romance,b2,noun,romance,,
romantic,b1,adjective,romantique,,
roof,a2,noun,toit,,
room,a1,noun,pièce,,
root,b2,noun,racine,,
rope,b1,noun,corde,,
rose,b2,noun,rose,,
rotate,c1,verb,tourner,,
rotation,c1,noun,tour,,
rough,b1,adjective,brut,,
roughly,b2,adverb,rudement,,
round,a2,adjective,ronde,,
round,a2,adverb,ronde,,
round,b2,noun,ronde,,
round,a2,preposition,autour de,,
route,a2,noun,route,,
routine,b2,adjective,de routine,,
routine,a1,noun,routine,,
row,b1,noun,rang,,
royal,b1,adjective,royal,,
rub,b2,verb,frotter,,
rubber,b2,adjective,caoutchouc,,
rubber,b2,noun,caoutchouc,,
rubbish,a2,noun,ordures,,
rude,a2,adjective,impoli,,
rugby,b1,noun,rugby,,
ruin,b2,noun,ruine,,
ruin,b2,verb,ruiner,,
rule,a1,noun,règle,,
rule,b1,verb,gouverner,,
ruling,c1,noun,décision,,
rumour,c1,noun,réputation,,
run,a2,noun,course,,
run,a1,verb,courir,,
runner,a2,noun,coulisse,,
running,a2,noun,course à pied,,
rural,b2,adjective,rural,,
rush,b2,noun,hâte,,
rush,b2,verb,se dépêcher,,
sack,c1,verb,coucher,,
sacred,c1,adjective,sacré,,
sacrifice,c1,noun,sacrifice,,
sacrifice,c1,verb,sacrifier,,
sad,a1,adjective,triste,,
sadly,a2,adverb,malheureusement,,
safe,a2,adjective,sûr,,
safety,b1,noun,sécurité,,
sail,b1,noun,voile,,
sail,a2,verb,voler,,
sailing,a2,noun,voile,,
sailor,b1,noun,marin,,
saint,c1,noun,saint,,
sake,c1,noun,saké,,
salad,a1,noun,salade,,
salary,a2,noun,salaire,,
sale,a2,noun,vente,,
salt,a1,noun,sel,,
same,a1,adjective,même,,
same,a1,adverb,même,,
same,a1,pronoun,même,,
sample,b1,noun,échantillon,,
sample,b2,verb,échantillonner,,
sanction,c1,noun,sanction,,
sand,b1,noun,sable,,
sandwich,a1,noun,sandwich,,
satellite,b2,noun,satellite,,
satisfaction,b2,noun,satisfaction,,
satisfied,b2,adjective,satisfait,,
satisfy,b2,verb,satisfaire,,
saturday,a1,noun,samedi,,
sauce,a2,noun,sauce,,
save,a2,verb,épargner,,
saving,b2,noun,économie,,
say,c1,noun,mot à dire,,
say,a1,verb,dire,,
scale,b2,noun,échelle,,
scan,b1,verb,scanner,,
scandal,b2,noun,scandale,,
scare,b2,noun,peur,,
scare,b2,verb,effrayer,,
scared,a2,adjective,effrayé,,
scary,a2,adjective,effrayant,,
scattered,c1,adjective,dispersé,,
scenario,b2,noun,scénario,,
scene,a2,noun,scène,,
sceptical,c1,adjective,sceptique,,
schedule,a2,noun,planning,,
schedule,b2,verb,planifier,,
scheme,b2,noun,schéma,,
scholar,b2,noun,savant,,
scholarship,b2,noun,bourse d'études,,
school,a1,noun,école,,
science,a1,noun,science,,
scientific,b1,adjective,scientifique,,
scientist,a1,noun,scientifique,,
scope,c1,noun,portée,,
score,a2,noun,partition,,
score,a2,verb,gagner,,
scratch,b2,noun,égratignure,,
scratch,b2,verb,gratter,,
scream,b2,noun,cri,,
scream,b2,verb,crier,,
screen,a2,noun,écran,,
screen,b2,verb,filtrer,,
screening,b2,noun,protection,,
screw,c1,noun,vis,,
screw,c1,verb,baiser,,
script,b1,noun,scénario,,
scrutiny,c1,noun,examen minutieux,,
sculpture,b1,noun,sculpture,,
sea,a1,noun,mer,,
seal,c1,noun,sceau,,
seal,c1,verb,sceller,,
search,a2,noun,recherche,,
search,a2,verb,chercher,,
season,a2,noun,saison,,
seat,a2,noun,siège,,
seat,b2,verb,placer,,
second,a2,adverb,deuxième,,
second,a1,determiner,deuxième,,
second,a1,noun,seconde,,
second,a1,ordinal number,deuxième,,
secondary,b1,adjective,secondaire,,
secondly,a2,adverb,deuxièmement,,
secret,a2,adjective,secret,,
secret,a2,noun,secret,,
secretary,a2,noun,secrétaire,,
section,a1,noun,section,,
sector,b2,noun,secteur,,
secular,c1,adjective,laïque,,
secure,b2,adjective,sûr,,
secure,b2,verb,sécuriser,,
security,b1,noun,sécurité,,
see,a1,verb,voir,,
seed,b1,noun,semence,,
seek,b2,verb,chercher,,
seeker,b2,noun,demandeur,,
seem,a2,linking verb,sembler,,
seemingly,c1,adverb,apparemment,,
segment,c1,noun,segment,,
seize,c1,verb,saisir,,
seldom,c1,adverb,rarement,,
select,b2,verb,choisir,,
selection,b2,noun,sélection,,
selective,c1,adjective,sélectif,,
self,b2,noun,soi-même,,
sell,a1,verb,vendre,,
seminar,b2,noun,séminaire,,
senator,c1,noun,sénateur,,
send,a1,verb,envoyer,,
senior,b2,adjective,aîné,,
sensation,c1,noun,sensation,,
sense,a2,noun,sens,,
sense,b2,verb,sentir,,
sensible,b1,adjective,raisonnable,,
sensitive,b2,adjective,sensible,,
sensitivity,c1,noun,sensibilité,,
sentence,a1,noun,phrase,,
sentence,b2,verb,condamner,,
sentiment,c1,noun,sentiment,,
separate,a2,adjective,séparé,,
separate,b1,verb,séparer,,
separation,c1,noun,séparation,,
september,a1,noun,septembre,,
sequence,b2,noun,suite,,
serial,c1,adjective,feuilleton,,
series,a2,noun,série,,
serious,a2,adjective,sérieux,,
seriously,b1,adverb,sérieusement,,
servant,b1,noun,domestique,,
serve,a2,verb,servir,,
service,a2,noun,service,,
session,b2,noun,session,,
set,b1,noun,série,,
set,b1,verb,se coucher,,
set-up,c1,noun,configuration,,
setting,b1,noun,réglage,,
settle,b2,verb,se résoudre à,,
settlement,c1,noun,colonie,,
settler,b2,noun,colon,,
seven,a1,number,sept,,
seventeen,a1,number,dix-sept,,
seventy,a1,number,soixante-dix,,
several,a2,determiner,plusieurs,,
several,a2,pronoun,plusieurs,,
severe,b2,adjective,sévère,,
severely,b2,adverb,sévèrement,,
sex,b1,noun,sexe,,
sexual,b1,adjective,sexuel,,
sexuality,c1,noun,sexualité,,
sexy,b2,adjective,sexy,,
shade,b2,noun,ombre,,
shadow,b2,noun,ombre,,
shake,b1,noun,secousse,,
shake,a2,verb,secouer,,
shall,a2,modal verb,(futur),,
shallow,b2,adjective,superficiel,,
shame,b2,noun,honte,,
shape,a2,noun,forme,,
shape,b2,verb,former,,
shaped,b2,adjective,façonné,,
share,b1,noun,part,,
share,a1,verb,partager,,
shareholder,c1,noun,actionnaire,,
sharp,b1,adjective,aigu,,
shatter,c1,verb,fracasser,,
she,a1,pronoun,elle,,
shed,c1,verb,verser,,
sheep,a1,noun,mouton,,
sheer,c1,adjective,pur,,
sheet,a2,noun,plaque,,
shelf,b1,noun,étagère,,
shell,b1,noun,coquille,,
shelter,b2,noun,abri,,
shelter,b2,verb,abriter,,
shift,b1,noun,changement,,
shift,b2,verb,déplacer,,
shine,b1,verb,briller,,
shiny,b1,adjective,brillant,,
ship,a2,noun,bateau,,
ship,b2,verb,expédier,,
shipping,c1,noun,expédition,,
shirt,a1,noun,chemise,,
shock,b2,noun,choc,,
shock,b2,verb,choquer,,
shocked,b2,adjective,choqué,,
shocking,b2,adjective,choquant,,
shoe,a1,noun,chaussure,,
shoot,c1,noun,pousse,,
shoot,b1,verb,tirer,,
shooting,b2,noun,tir,,
shop,a1,noun,boutique,,
shop,a1,verb,faire les magasins,,
shopping,a1,noun,shopping,,
shore,b2,noun,bord,,
short,a1,adjective,court,,
short-term,b2,adjective,à court terme,,
shortage,b2,noun,défaut,,
shortly,b2,adverb,brièvement,,
shot,b2,noun,poids,,
should,a1,modal verb,devrait,,
shoulder,a2,noun,épaule,,
shout,a2,noun,cri,,
shout,a2,verb,crier,,
show,a1,noun,spectacle,,
show,a1,verb,montrer,,
shower,a1,noun,douche,,
shrink,c1,verb,diminuer,,
shrug,c1,verb,hausser les épaules,,
shut,a2,adjective,fermé,,
shut,a2,verb,fermer,,
shy,b1,adjective,timide,,
sibling,b2,noun,frère et sœur,,
sick,a1,adjective,malade,,
side,a2,noun,côté,,
sigh,c1,noun,soupir,,
sigh,c1,verb,soupirer,,
sight,b1,noun,vue,,
sign,a2,noun,signe,,
sign,a2,verb,signer,,
signal,b1,noun,signal,,
signal,b1,verb,signaler,,
signature,b2,noun,signature,,
significance,b2,noun,importance signification,,
significant,b2,adjective,significatif,,
significantly,b2,adverb,considérablement,,
silence,b2,noun,silence,,
silent,b1,adjective,silencieux,,
silk,b2,noun,soie,,
silly,b1,adjective,idiot,,
silver,a2,adjective,argenté,,
silver,a2,noun,argent,,
similar,a1,adjective,semblable,,
similarity,b1,noun,similarité,,
similarly,b1,adverb,pareil,,
simple,a2,adjective,simple,,
simply,b1,adverb,simplement,,
simulate,c1,verb,simuler or imiter ?,,
simulation,c1,noun,simulation,,
simultaneously,c1,adverb,simultanément,,
sin,c1,noun,péché,,
since,b1,adverb,depuis,,
since,a2,conjunction,puisque,,
since,a2,preposition,depuis,,
sincere,b2,adjective,sincère,,
sing,a1,verb,chanter,,
singer,a1,noun,chanteur,,
singing,a2,noun,chant,,
single,a2,adjective,célibataire,,
single,a2,noun,célibataire,,
sink,b1,verb,couler,,
sir,a2,noun,monsieur,,
sister,a1,noun,sœur,,
sit,a1,verb,être assis,,
site,a2,noun,site,,
situated,c1,adjective,situé,,
situation,a1,noun,situation,,
six,a1,number,six,,
sixteen,a1,number,seize,,
sixty,a1,number,soixante,,
size,a2,noun,taille,,
sketch,c1,noun,esquisse,,
ski,a2,adjective,ski,,
ski,a2,noun,ski,,
ski,a2,verb,skier,,
skiing,a2,noun,ski,,
skill,a1,noun,habileté,,
skilled,b2,adjective,habile,,
skin,a2,noun,peau,,
skip,c1,verb,sautiller,,
skirt,a1,noun,jupe,,
skull,b2,noun,crâne,,
sky,a2,noun,ciel,,
slam,c1,verb,claquer,,
slap,c1,verb,gifler,,
slash,c1,verb,entailler,,
slave,b2,noun,esclave,,
slavery,c1,noun,esclavage,,
sleep,a2,noun,sommeil,,
sleep,a1,verb,dormir,,
slice,b1,noun,tranche,,
slice,b1,verb,trancher,,
slide,b2,noun,glissade,,
slide,b2,verb,glisser,,
slight,b2,adjective,insignifiant,,
slightly,b1,adverb,légèrement,,
slip,b2,verb,glisser,,
slogan,b2,noun,slogan,,
slope,b2,noun,pente,,
slope,b2,verb,incliner,,
slot,c1,noun,machine à sous,,
slow,a1,adjective,lent,,
slow,b1,verb,ralentir,,
slowly,a2,adverb,lentement,,
small,a1,adjective,petit,,
smart,b1,adjective,habile,,
smartphone,a2,noun,smartphone,,
smash,c1,verb,fracasser,,
smell,a2,noun,odorat,,
smell,a2,verb,sentir,,
smile,a2,noun,sourire,,
smile,a2,verb,sourire,,
smoke,a2,noun,fumée,,
smoke,a2,verb,fumer,,
smoking,a2,noun,tabagisme,,
smooth,b1,adjective,lisse,,
snake,a1,noun,serpent,,
snap,c1,verb,rompre,,
snow,a1,noun,neige,,
snow,a1,verb,neiger,,
so,a1,adverb,ainsi,,
so,a1,conjunction,donc,,
so-called,b2,adjective,soi-disant,,
soak,c1,verb,tremper,,
soap,a2,noun,savon,,
soar,c1,verb,planer,,
soccer,a2,noun,football,,
social,a2,adjective,social,,
socialist,c1,adjective,socialiste,,
society,a2,noun,société,,
sock,a2,noun,chaussette,,
soft,a2,adjective,doux,,
software,b1,noun,logiciel,,
soil,b1,noun,terre,,
solar,b2,adjective,solaire,,
soldier,a2,noun,soldat,,
sole,c1,adjective,seul,,
solely,c1,adverb,uniquement,,
solicitor,c1,noun,avocat,,
solid,b1,adjective,solide,,
solid,b1,noun,solide,,
solidarity,c1,noun,solidarité,,
solo,c1,adjective,solo,,
solo,c1,noun,solo,,
solution,a2,noun,solution,,
solve,a2,verb,résoudre,,
some,a1,determiner,quelques,,
some,a1,pronoun,quelques,,
somebody,a1,pronoun,quelqu'un,,
somehow,b2,adverb,de façon ou d'autre,,
someone,a1,pronoun,quelqu'un,,
something,a1,pronoun,quelque chose,,
sometime,b2,adverb,jadis,,
sometimes,a1,adverb,parfois,,
somewhat,b2,adverb,assez,,
somewhere,a2,adverb,quelque part,,
somewhere,a2,pronoun,quelque part,,
son,a1,noun,fils,,
song,a1,noun,chanson,,
soon,a1,adverb,bientôt,,
sophisticated,b2,adjective,chic,,
sorry,a1,adjective,désolé,,
sorry,a1,exclamation,désolé,,
sort,a2,noun,genre,,
sort,b1,verb,trier,,
soul,b2,noun,âme,,
sound,c1,adjective,complet,,
sound,a1,noun,son,,
sound,a1,verb,sonner,,
soup,a1,noun,potage,,
source,a2,noun,source,,
south,a1,adjective,sud,,
south,a1,adverb,sud,,
south,a1,noun,sud,,
southern,b1,adjective,du sud,,
sovereignty,c1,noun,souveraineté,,
space,a1,noun,espace,,
spam,c1,noun,spam,,
span,c1,noun,durée,,
span,c1,verb,couvrir,,
spare,b2,adjective,rechange,,
spare,c1,verb,épargner,,
spark,c1,verb,déclencher,,
speak,a1,verb,parler,,
speaker,a2,noun,orateur,,
special,a1,adjective,particulier,,
specialist,b2,adjective,spécialiste,,
specialist,b2,noun,spécialiste,,
specialize,b2,verb,spécialiser,,
specialized,c1,adjective,spécialisé,,
species,b2,noun,espèce,,
specific,a2,adjective,spécifique,,
specifically,b1,adverb,spécifiquement,,
specification,c1,noun,spécification,,
specify,b2,verb,spécifier,,
specimen,c1,noun,spécimen,,
spectacle,c1,noun,spectacle,,
spectacular,b2,adjective,spectaculaire,,
spectator,b2,noun,spectateur,,
spectrum,c1,noun,spectre,,
speculate,b2,verb,spéculer,,
speculation,b2,noun,spéculation,,
speech,a2,noun,discours,,
speed,a2,noun,vitesse,,
speed,b2,verb,foncer,,
spell,c1,noun,charme,,
spell,a1,verb,épeler,,
spelling,a1,noun,orthographe,,
spend,a1,verb,dépenser,,
spending,b1,noun,dépenses,,
sphere,c1,noun,sphère,,
spice,b2,noun,épice,,
spicy,b1,adjective,épicé,,
spider,a2,noun,araignée,,
spill,b2,verb,déverser,,
spin,c1,noun,vrille,,
spin,c1,verb,filer,,
spine,c1,noun,épine,,
spirit,b1,noun,esprit,,
spiritual,b2,adjective,spirituel,,
spite,b2,noun,dépit,,
split,b2,noun,grand écart,,
split,b2,verb,fendre,,
spoil,b2,verb,gâter,,
spoken,b1,adjective,parlé,,
spokesman,b2,noun,porte-parole,,
spokesperson,b2,noun,porte-parole,,
spokeswoman,b2,noun,porte-parole,,
sponsor,b2,noun,sponsor,,
sponsor,b2,verb,financer,,
sponsorship,b2,noun,parrainage,,
spoon,a2,noun,cuiller,,
sport,a1,noun,sport,,
sporting,b2,adjective,sportif,,
spot,b1,noun,tache,,
spot,b2,verb,détacher,,
spotlight,c1,noun,projecteur,,
spouse,c1,noun,époux,,
spread,b2,noun,propagation,,
spread,b1,verb,étendre,,
spring,a1,noun,ressort,,
spring,b2,verb,sauter,,
spy,c1,noun,espion,,
spy,c1,verb,espionner,,
squad,c1,noun,escouade,,
square,a2,adjective,carré,,
square,a2,noun,place,,
squeeze,c1,verb,presser,,
stab,c1,verb,poignarder,,
stability,c1,noun,stabilité,,
stabilize,c1,verb,se stabiliser,,
stable,b2,adjective,stable,,
stadium,b1,noun,stade,,
staff,b1,noun,personnel,,
stage,a2,noun,étape,,
stage,b2,verb,organiser,,
stair,a2,noun,marche,,
stake,c1,noun,pieu,,
stall,b2,noun,stand,,
stamp,a2,noun,cachet,,
stance,b2,noun,position,,
stand,b2,noun,stand,,
stand,a1,verb,être debout,,
standard,b1,adjective,standard,,
standard,b1,noun,norme,,
standing,c1,adjective,permanent,,
star,a1,noun,star,,
star,a2,verb,tenir le rôle principal,,
stare,b2,verb,fixer des yeux,,
stark,c1,adjective,frappant,,
start,a2,noun,départ,,
start,a1,verb,commencer,,
starve,b2,verb,affamer,,
state,b1,adjective,état,,
state,a2,noun,état,,
state,b1,verb,déclarer,,
statement,a1,noun,déclaration,,
station,a1,noun,station,,
statistic,b1,noun,statistique,,
statistical,c1,adjective,statistique,,
statue,b1,noun,statue,,
status,b2,noun,statut,,
stay,a2,noun,séjour,,
stay,a1,verb,rester,,
steadily,b2,adverb,régulièrement,,
steady,b2,adjective,régulier,,
steal,a2,verb,voler,,
steam,b2,noun,vapeur,,
steel,b2,noun,acier,,
steep,b2,adjective,escarpé,,
steer,c1,verb,diriger,,
stem,c1,noun,tige,,
stem,c1,verb,résulter,,
step,a2,noun,marche,,
step,b2,verb,marcher,,
stereotype,c1,noun,stéréotype,,
stick,b1,noun,canne,,
stick,b1,verb,coller,,
sticky,b2,adjective,collant,,
stiff,b2,adjective,raide,,
still,b1,adjective,calme,,
still,a1,adverb,encore,,
stimulate,b2,verb,stimuler,,
stimulus,c1,noun,stimulus,,
stir,c1,verb,remuer,,
stock,b2,noun,stock,,
stomach,a2,noun,estomac,,
stone,a2,noun,pierre,,
stop,a1,noun,occlusive,,
stop,a1,verb,arrêter,,
storage,c1,noun,stockage,,
store,a2,noun,entrepôt,,
store,b1,verb,stocker,,
storm,a2,noun,tempête,,
story,a1,noun,histoire,,
straight,a2,adjective,droit,,
straight,a2,adverb,directement,,
straightforward,c1,adjective,simple,,
strain,c1,noun,tension,,
strand,c1,noun,brin,,
strange,a2,adjective,étranger,,
stranger,b1,noun,inconnu,,
strategic,c1,adjective,stratégique,,
strategy,a2,noun,stratégie,,
stream,b2,noun,courant,,
street,a1,noun,rue,,
strength,b1,noun,force,,
strengthen,b2,verb,renforcer,,
stress,a2,noun,stress,,
stress,a2,verb,souligner,,
stretch,b2,noun,étirement,,
stretch,b2,verb,s'étendre,,
strict,b2,adjective,strict,,
strictly,b2,adverb,strictement,,
strike,b2,noun,grève,,
strike,b2,verb,frapper,,
striking,c1,adjective,frappant,,
string,b1,noun,corde,,
strip,c1,noun,bande,,
strip,c1,verb,se déshabiller,,
strive,c1,verb,s'efforcer,,
stroke,b2,noun,caresse,,
strong,a1,adjective,fort,,
strongly,b1,adverb,fortement,,
structural,c1,adjective,structurel,,
structure,a2,noun,structure,,
structure,b2,verb,structurer,,
struggle,b2,noun,lutte,,
struggle,b2,verb,lutter,,
student,a1,noun,étudiant,,
studio,b1,noun,studio,,
study,a1,noun,étude,,
study,a1,verb,étudier,,
stuff,b1,noun,substance,,
stuff,b2,verb,fourrer,,
stumble,c1,verb,trébucher,,
stun,c1,verb,étourdir,,
stunning,b2,adjective,magnifique,,
stupid,a2,adjective,stupide,,
style,a1,noun,modèle,,
subject,b2,adjective,sujet,,
subject,a1,noun,sujet,,
submission,c1,noun,soumission,,
submit,b2,verb,soumettre,,
subscriber,c1,noun,abonné,,
subscription,c1,noun,abonnement,,
subsequent,b2,adjective,subséquent,,
subsequently,b2,adverb,ensuite,,
subsidy,c1,noun,subvention,,
substance,b1,noun,substance,,
substantial,c1,adjective,substantiel,,
substantially,c1,adverb,considérablement,,
substitute,c1,noun,remplaçant,,
substitute,c1,verb,mettre en place de,,
substitution,c1,noun,remplacement,,
subtle,c1,adjective,subtil,,
suburb,b2,noun,banlieue,,
suburban,c1,adjective,suburbain,,
succeed,a2,verb,réussir,,
success,a1,noun,succès,,
successful,a2,adjective,ayant du succès,,
successfully,b1,adverb,avec succès,,
succession,c1,noun,succession,,
successive,c1,adjective,successif,,
successor,c1,noun,successeur,,
such,a2,determiner,tel,,
such,a2,pronoun,tel,,
suck,c1,verb,sucer,,
sudden,b1,adjective,soudain,,
suddenly,a2,adverb,soudainement,,
sue,c1,verb,poursuivre en justice,,
suffer,b1,verb,souffrir,,
suffering,b2,noun,souffrance,,
sufficient,b2,adjective,suffisant,,
sufficiently,b2,adverb,suffisamment,,
sugar,a1,noun,sucre,,
suggest,a2,verb,suggérer,,
suggestion,a2,noun,suggestion,,
suicide,c1,noun,suicide,,
suit,a2,noun,complet,,
suit,b1,verb,convenir,,
suitable,b1,adjective,convenable,,
suite,c1,noun,suite,,
sum,b2,noun,somme,,
sum,b2,verb,additionner,,
summarize,b1,verb,résumer,,
summary,b1,noun,résumé,,
summer,a1,noun,été,,
summit,c1,noun,sommet,,
sun,a1,noun,soleil,,
sunday,a1,noun,dimanche,,
super,b2,adjective,super,,
superb,c1,adjective,grandiose,,
superior,c1,adjective,supérieur,,
supermarket,a1,noun,supermarché,,
supervise,c1,verb,superviser,,
supervision,c1,noun,supervision,,
supervisor,c1,noun,superviseur,,
supplement,c1,noun,supplément,,
supplement,c1,verb,compléter,,
supply,b1,noun,approvisionnement,,
supply,b1,verb,fournir,,
support,a2,noun,soutien,,
support,a2,verb,soutenir,,
supporter,b1,noun,partisan,,
supportive,c1,adjective,bienveillant,,
suppose,a2,verb,supposer,,
supposedly,c1,adverb,soi-disant,,
suppress,c1,verb,réprimer,,
supreme,c1,adjective,suprême,,
sure,a1,adjective,sûr,,
sure,a2,adverb,sûr,,
surely,b1,adverb,sûrement,,
surface,b1,noun,surface,,
surge,c1,noun,montée,,
surge,c1,verb,déferler,,
surgeon,b2,noun,chirurgien,,
surgery,b2,noun,chirurgie,,
surgical,c1,adjective,chirurgical,,
surplus,c1,noun,surplus,,
surprise,a2,noun,surprise,,
surprise,a2,verb,surprendre,,
surprised,a2,adjective,surpris,,
surprising,a2,adjective,surprenant,,
surrender,c1,verb,capituler,,
surround,b2,verb,entourer,,
surrounding,b2,adjective,environnant,,
surveillance,c1,noun,surveillance,,
survey,a2,noun,enquête,,
survey,b2,verb,inspecter,,
survival,b2,noun,survie,,
survive,b1,verb,survivre,,
survivor,b2,noun,survivant,,
suspect,b2,noun,suspect,,
suspect,b2,verb,soupçonner,,
suspend,b2,verb,suspendre,,
suspension,c1,noun,suspension,,
suspicion,c1,noun,suspicion,,
suspicious,c1,adjective,suspect,,
sustain,c1,verb,maintenir,,
sustainable,b2,adjective,durable,,
swallow,b2,verb,avaler,,
swear,b2,verb,jurer,,
sweater,a1,noun,pull-over,,
sweep,b2,verb,balayer,,
sweet,a2,adjective,sucré,,
sweet,a2,noun,friandise,,
swim,b1,noun,natation,,
swim,a1,verb,nager,,
swimming,a1,noun,natation,,
swing,c1,noun,balançoire,,
swing,c1,verb,se balancer,,
switch,b2,noun,interrupteur,,
switch,b1,verb,changer,,
sword,c1,noun,épéiste,,
symbol,a2,noun,symbole,,
symbolic,c1,adjective,symbolique,,
sympathetic,b2,adjective,sympathique,,
sympathy,b2,noun,sympathie,,
symptom,b1,noun,symptôme,,
syndrome,c1,noun,syndrome,,
synthesis,c1,noun,synthèse,,
system,a2,noun,système,,
systematic,c1,adjective,systématique,,
t-shirt,a1,noun,T-shirt,,
table,a1,noun,tableau,,
tablet,a2,noun,liste,,
tackle,c1,noun,plaquage,,
tackle,b2,verb,plaquer,,
tactic,c1,noun,tactique,,
tactical,c1,adjective,tactique,,
tag,b2,noun,balise,,
tag,b2,verb,étiqueter,,
tail,b1,noun,queue,,
take,a1,verb,prendre,,
tale,b2,noun,conte,,
talent,b1,noun,talent,,
talented,b1,adjective,doué,,
talk,a2,noun,conversation,,
talk,a1,verb,parler,,
tall,a1,adjective,haut,,
tank,b2,noun,tank,,
tap,b2,noun,robinet,,
tap,b2,verb,taper,,
tape,b1,noun,bande,,
target,a2,noun,cible,,
target,b2,verb,cibler,,
task,a2,noun,tâche,,
taste,a2,noun,goût,,
taste,a2,verb,goûter,,
tax,b1,noun,impôt,,
tax,b1,verb,taxer,,
taxi,a1,noun,taxi,,
taxpayer,c1,noun,contribuable,,
tea,a1,noun,thé,,
teach,a1,verb,apprendre,,
teacher,a1,noun,professeur,,
teaching,a2,noun,enseignement,,
team,a1,noun,équipe,,
tear,b2,noun,larme,,
tear,b2,verb,se déchirer,,
technical,b1,adjective,technical,,
technique,b1,noun,technique,,
technological,b2,adjective,technologique,,
technology,a2,noun,technologie,,
teenage,a2,adjective,adolescent,,
teenager,a1,noun,adolescent,,
teens,b2,noun,adolescents,,
telephone,a1,noun,téléphone,,
telephone,a1,verb,téléphoner,,
television,a1,noun,télévision,,
tell,a1,verb,dire,,
temperature,a2,noun,température,,
temple,b2,noun,tempe,,
temporarily,b2,adverb,temporairement,,
temporary,b2,adjective,temporaire,,
tempt,c1,verb,tenter,,
ten,a1,number,dix,,
tenant,c1,noun,locataire,,
tend,b1,verb,avoir tendance à,,
tendency,b2,noun,tendance,,
tender,c1,adjective,tendre,,
tennis,a1,noun,tennis,,
tension,b2,noun,tension,,
tent,b1,noun,tente,,
tenure,c1,noun,titularisation,,
term,a2,noun,terme,,
term,b2,verb,qualifier,,
terminal,c1,adjective,terminal,,
terminal,b2,noun,terminal,,
terminate,c1,verb,terminer,,
terms,b2,noun,condition,,
terrain,c1,noun,terrain,,
terrible,a1,adjective,terrible,,
terribly,b2,adverb,terriblement,,
terrific,c1,adjective,formidable,,
terrify,b2,verb,terrifier,,
territory,b2,noun,territoire,,
terror,b2,noun,terreur,,
terrorism,b2,noun,terrorisme,,
terrorist,b2,noun,terroriste,,
test,a1,noun,examen,,
test,a1,verb,tester,,
testify,c1,verb,attester,,
testimony,c1,noun,témoignage,,
testing,b2,noun,tests,,
text,a1,noun,texte,,
text,a2,verb,textoter,,
textbook,b2,noun,manuel,,
texture,c1,noun,texture,,
than,a1,conjunction,que,,
than,a1,preposition,que,,
thank,a1,verb,remercier,,
thankfully,c1,adverb,heureusement,,
thanks,a1,exclamation,merci,,
thanks,a1,noun,remerciement,,
that,b1,adverb,si,,
that,a1,conjunction,que,,
that,a1,determiner,ce,,
that,a1,pronoun,qui,,
the,a1,definite article,le,,
theatre,a1,noun,théâtre,,
theatrical,c1,adjective,théâtral,,
theft,b2,noun,vol,,
their,a1,determiner,leur,,
theirs,b1,pronoun,le leur,,
them,a1,pronoun,les,,
theme,b1,noun,thème,,
themselves,a2,pronoun,eux-mêmes,,
then,a1,adverb,alors,,
theology,c1,noun,théologie,,
theoretical,c1,adjective,théorique,,
theory,b1,noun,théorie,,
therapist,b2,noun,thérapeute,,
therapy,b2,noun,thérapie,,
there,a1,adverb,là,,
thereafter,c1,adverb,après quoi,,
thereby,c1,adverb,ainsi,,
therefore,b1,adverb,par conséquent,,
thesis,b2,noun,thèse,,
they,a1,pronoun,ils,,
thick,a2,adjective,dense,,
thief,a2,noun,voleur,,
thin,a2,adjective,mince,,
thing,a1,noun,chose,,
think,a1,verb,penser,,
thinking,a2,noun,réflexion,,
third,a2,noun,tiers,,
third,a1,ordinal number,troisième,,
thirsty,a1,adjective,assoiffé,,
thirteen,a1,number,treize,,
thirty,a1,number,trente,,
this,b1,adverb,ceci,,
this,a1,determiner,ce,,
this,a1,pronoun,ceci,,
thorough,b2,adjective,minutieux,,
thoroughly,b2,adverb,absolument,,
though,b1,adverb,néanmoins,,
though,b1,conjunction,bien que,,
thought,a2,noun,pensée,,
thought-provoking,c1,adjective,stimulant,,
thoughtful,c1,adjective,attentionné,,
thousand,a1,number,mille,,
thread,c1,noun,fil,,
threat,b2,noun,menace,,
threaten,b2,verb,menacer,,
three,a1,number,trois,,
threshold,c1,noun,seuil,,
thrilled,c1,adjective,ravi,,
thrive,c1,verb,prospérer,,
throat,b1,noun,gorge,,
through,a1,adverb,par,,
through,a1,preposition,par,,
throughout,b1,adverb,partout,,
throughout,b1,preposition,tout au long de,,
throw,a2,verb,jeter,,
thumb,b2,noun,pouce,,
thursday,a1,noun,jeudi,,
thus,b2,adverb,ainsi,,
ticket,a1,noun,billet,,
tide,c1,noun,marée,,
tidy,a2,adjective,ordonné,,
tidy,a2,verb,ordonner,,
tie,a2,noun,liaison de prolongation,,
tie,a2,verb,lier,,
tight,b1,adjective,serré,,
tighten,c1,verb,serrer,,
till,b1,conjunction,jusqu'à,,
till,b1,preposition,jusqu'à,,
timber,c1,noun,bois,,
time,a1,noun,fois,,
time,b2,verb,chronométrer,,
timely,c1,adjective,opportun,,
timing,b2,noun,moment,,
tin,b1,noun,boîte de conserve,,
tiny,b1,adjective,minuscule,,
tip,a2,noun,pourboire,,
tip,b1,verb,pourboire,,
tired,a1,adjective,fatigué,,
tissue,b2,noun,tissu,,
title,a1,noun,titre,,
title,b2,verb,titre,,
to,a1,infinitive marker,à,,
to,a1,preposition,à,,
tobacco,c1,noun,tabac,,
today,a1,adverb,aujourd'hui,,
today,a1,noun,aujourd'hui,,
toe,b1,noun,orteil,,
together,a1,adverb,ensemble,,
toilet,a1,noun,cabinet,,
tolerance,c1,noun,tolérance,,
tolerate,c1,verb,tolérer,,
toll,c1,noun,sonnerie,,
tomato,a1,noun,tomate,,
tomorrow,a1,adverb,demain,,
tomorrow,a1,noun,demain,,
ton,b2,noun,tonne,,
tone,b2,noun,ton,,
tongue,b1,noun,langue,,
tonight,a1,adverb,ce soir,,
tonight,a1,noun,ce soir,,
tonne,b2,noun,tonne,,
too,a1,adverb,trop,,
tool,a2,noun,outil,,
tooth,a1,noun,dent,,
top,a2,adjective,supérieur,,
top,a2,noun,première demi-manche,,
top,c1,verb,mutiler,,
topic,a1,noun,sujet,,
torture,c1,noun,torture,,
torture,c1,verb,torturer,,
toss,c1,verb,mélanger,,
total,b1,adjective,total,,
total,b1,noun,total,,
total,c1,verb,totaliser,,
totally,b1,adverb,totalement,,
touch,b1,noun,toucher,,
touch,a2,verb,toucher,,
tough,b2,adjective,dur,,
tour,a2,noun,tournée,,
tour,b1,verb,tourner,,
tourism,a2,noun,tourisme,,
tourist,a1,noun,touriste,,
tournament,b2,noun,tournoi,,
towards,a2,preposition,vers,,
towel,a2,noun,serviette,,
tower,a2,noun,tour,,
town,a1,noun,ville,,
toxic,c1,adjective,toxique,,
toy,a2,adjective,jouet,,
toy,a2,noun,jouet,,
trace,c1,noun,trace,,
trace,b2,verb,calquer,,
track,a2,noun,route,,
track,b2,verb,suivre,,
trade,b1,noun,métier,,
trade,b1,verb,échanger,,
trademark,c1,noun,marque commerciale,,
trading,b2,noun,commerce,,
tradition,a2,noun,tradition,,
traditional,a2,adjective,traditionnel,,
traffic,a1,noun,trafic,,
tragedy,b2,noun,tragédie,,
tragic,b2,adjective,tragique,,
trail,c1,noun,piste,,
trail,c1,verb,traîner,,
trailer,c1,noun,remorque,,
train,a1,noun,train,,
train,a2,verb,s'entraîner,,
trainer,a2,noun,basket,,
training,a2,noun,entraînement,,
trait,b2,noun,trait,,
transaction,c1,noun,transaction,,
transcript,c1,noun,relevé de notes,,
transfer,b2,noun,transfert,,
transfer,b2,verb,transférer,,
transform,b2,verb,transformer,,
transformation,c1,noun,transformation,,
transit,c1,noun,transit,,
transition,b2,noun,transition,,
translate,b1,verb,traduire,,
translation,b1,noun,traduction,,
transmission,c1,noun,boite de vitesses,,
transmit,b2,verb,transmettre,,
transparency,c1,noun,transparence,,
transparent,c1,adjective,transparent,,
transport,a2,noun,transport,,
transport,b1,verb,reporter,,
transportation,b2,noun,transport,,
trap,b2,noun,piège,,
trap,b2,verb,intercepter,,
trauma,c1,noun,traumatisme,,
travel,a1,noun,voyage,,
travel,a1,verb,voyager,,
traveller,a2,noun,voyageur,,
treasure,b2,noun,trésor,,
treat,b1,verb,traiter,,
treatment,b1,noun,traitement,,
treaty,c1,noun,traité,,
tree,a1,noun,arbre,,
tremendous,c1,adjective,formidable,,
trend,b1,noun,tendance,,
trial,b2,noun,procès,,
tribal,c1,adjective,tribal,,
tribe,b2,noun,tribu,,
tribunal,c1,noun,tribunal,,
tribute,c1,noun,hommage,,
trick,b1,noun,truc,,
trick,b1,verb,duper,,
trigger,c1,noun,gâchette,,
trigger,b2,verb,déclencher,,
trillion,b2,number,billion,,
trio,c1,noun,trio,,
trip,a1,noun,voyage,,
trip,b2,verb,trébucher,,
triumph,c1,noun,triomphe,,
troop,b2,noun,troupes,,
trophy,c1,noun,trophée,,
tropical,b2,adjective,tropical,,
trouble,a2,noun,peine,,
trouble,b2,verb,déranger,,
troubled,c1,adjective,troublé,,
trousers,a1,noun,pantalon,,
truck,a2,noun,camion,,
true,a1,adjective,vrai,,
truly,b2,adverb,vraiment,,
trust,b2,noun,confiance,,
trust,b2,verb,faire confiance,,
trustee,c1,noun,mandataire social,,
truth,b1,noun,vérité,,
try,b2,noun,essai,,
try,a1,verb,essayer,,
tsunami,b2,noun,tsunami,,
tube,b1,noun,tuyau,,
tuesday,a1,noun,mardi,,
tuition,c1,noun,cours,,
tune,b2,noun,mélodie,,
tunnel,b2,noun,tunnel,,
turn,a1,noun,tour,,
turn,a1,verb,tourner,,
turnout,c1,noun,participation,,
turnover,c1,noun,chiffre d'affaires,,
tv,a1,noun,télé,,
twelve,a1,number,douze,,
twenty,a1,number,vingt,,
twice,a1,adverb,deux fois,,
twin,a2,adjective,jumeau,,
twin,a2,noun,jumeau,,
twist,c1,noun,torsion,,
twist,c1,verb,tordre,,
two,a1,number,deux,,
type,a1,noun,type,,
type,b1,verb,taper,,
typical,a2,adjective,typique,,
typically,b1,adverb,habituellement,,
tyre,b1,noun,pneu,,
ugly,b1,adjective,laid,,
ultimate,b2,adjective,dernier,,
ultimately,b2,adverb,enfin,,
umbrella,a1,noun,parapluie,,
unable,b1,adjective,incapable,,
unacceptable,b2,adjective,inacceptable,,
uncertainty,b2,noun,incertitude,,
uncle,a1,noun,oncle,,
uncomfortable,b1,adjective,inconfortable,,
unconscious,b2,adjective,inconscient,,
under,a1,adverb,moins,,
under,a1,preposition,sous,,
undergo,b2,verb,apprendre par l'expérience,,
undergraduate,c1,noun,étudiant en licence,,
underground,a2,adjective,souterrain,,
underground,a2,adverb,sous terre,,
underlying,c1,adjective,sous-jacent,,
undermine,c1,verb,saper,,
understand,a1,verb,comprendre,,
understanding,a2,noun,compréhension,,
undertake,b2,verb,entreprendre,,
underwear,b1,noun,sous-vêtement,,
undoubtedly,c1,adverb,sans aucun doute,,
unemployed,b1,adjective,au chômage invariant,,
unemployment,b1,noun,chômage,,
unexpected,b2,adjective,inattendu,,
unfair,b1,adjective,injuste,,
unfold,b2,verb,dérouler,,
unfortunate,b2,adjective,malheureux,,
unfortunately,a2,adverb,malheureusement,,
unhappy,a2,adjective,malheureux,,
uniform,a2,noun,uniforme,,
unify,c1,verb,unifier,,
union,b1,noun,réunion,,
unique,b2,adjective,unique,,
unit,a2,noun,unité,,
unite,b2,verb,unir,,
united,a2,adjective,uni,,
unity,b2,noun,unité,,
universal,b2,adjective,universel,,
universe,b2,noun,univers,,
university,a1,noun,université,,
unknown,b2,adjective,inconnu,,
unless,b1,conjunction,à moins que,,
unlike,b1,preposition,différent de,,
unlikely,b1,adjective,peu probable,,
unnecessary,b1,adjective,inutile,,
unpleasant,b1,adjective,déplaisant,,
unprecedented,c1,adjective,sans précédent,,
until,a1,conjunction,jusqu'à,,
until,a1,preposition,jusqu'à,,
unusual,a2,adjective,inhabituel,,
unveil,c1,verb,se dévoiler,,
up,a1,adverb,haut,,
up,a1,preposition,en haut de,,
upcoming,c1,adjective,à venir,,
update,b1,noun,mise à jour,,
update,b1,verb,mettre au courant,,
upgrade,c1,noun,mise à niveau,,
upgrade,c1,verb,améliorer,,
uphold,c1,verb,soutenir,,
upon,b1,preposition,sur,,
upper,b2,adjective,supérieur,,
upset,b1,adjective,dérangé,,
upset,b1,verb,renverser,,
upstairs,a2,adjective,en haut,,
upstairs,a1,adverb,en haut,,
upwards,b2,adverb,vers le haut,,
urban,b2,adjective,urbain,,
urge,b2,verb,inciter,,
urgent,b2,adjective,urgent,,
us,a1,pronoun,nous,,
usage,b2,noun,coutume,,
use,a2,noun,usage,,
use,a1,verb,utiliser,,
used,b1,adjective,seconde main,,
used to,a2,modal verb,avoir l'habitude de,,
useful,a1,adjective,utile,,
useless,b2,adjective,inutile,,
user,a2,noun,consommateur,,
usual,a2,adjective,habituel,,
usually,a1,adverb,généralement,,
utility,c1,noun,utilité,,
utilize,c1,verb,exploiter,,
utterly,c1,adverb,complètement,,
vacation,a1,noun,vacances,,
vacuum,c1,noun,vide,,
vague,c1,adjective,vague,,
valid,b2,adjective,valide,,
validity,c1,noun,validité,,
valley,a2,noun,vallée,,
valuable,b1,adjective,précieux,,
value,b1,noun,valeur,,
value,b2,verb,apprécier,,
van,a2,noun,fourgon,,
vanish,c1,verb,s'annuler,,
variable,c1,adjective,variable,,
variable,c1,noun,variable,,
variation,b2,noun,variation,,
varied,c1,adjective,divers,,
variety,a2,noun,variété,,
various,b1,adjective,divers,,
vary,b2,verb,varier,,
vast,b2,adjective,vaste,,
vegetable,a1,noun,légume,,
vehicle,a2,noun,véhicule,,
vein,c1,noun,veine,,
venture,c1,noun,entreprise,,
venture,c1,verb,s'aventurer,,
venue,b2,noun,lieu,,
verbal,c1,adjective,verbal,,
verdict,c1,noun,verdict,,
verify,c1,verb,surveiller,,
verse,c1,noun,vers,,
version,b1,noun,version,,
versus,c1,preposition,contre,,
vertical,b2,adjective,vertical,,
very,b2,adjective,même,,
very,a1,adverb,très,,
vessel,c1,noun,vase,,
veteran,c1,noun,vétéran,,
via,b2,preposition,par,,
viable,c1,adjective,viable,,
vibrant,c1,adjective,dynamique,,
vice,c1,noun,vice,,
vicious,c1,adjective,vicieux,,
victim,b1,noun,victime,,
victory,b2,noun,victoire,,
video,a1,noun,vidéo,,
view,a2,noun,vue,,
view,b1,verb,regarder,,
viewer,b1,noun,téléspectateur,,
viewpoint,b2,noun,point de vue,,
village,a1,noun,village,,
villager,c1,noun,villageois,,
violate,c1,verb,violer,,
violation,c1,noun,infraction,,
violence,b2,noun,violence,,
violent,b1,adjective,vif,,
virtual,b2,adjective,virtuel,,
virtue,c1,noun,vertu,,
virus,a2,noun,virus,,
visa,b2,noun,visa,,
visible,b2,adjective,visible,,
vision,b2,noun,vision,,
visit,a1,noun,visite,,
visit,a1,verb,visiter,,
visitor,a1,noun,visiteur,,
visual,b2,adjective,visuel,,
vital,b2,adjective,vital,,
vitamin,b2,noun,vitamine,,
vocal,c1,adjective,vocal,,
voice,a2,noun,voix,,
volume,b2,noun,volume,,
voluntary,b2,adjective,volontaire,,
volunteer,b1,noun,volontaire,,
volunteer,b1,verb,volontaire,,
vote,b1,noun,vote,,
vote,b1,verb,voter,,
voting,b2,noun,vote,,
vow,c1,verb,jurer,,
vulnerability,c1,noun,vulnérabilité,,
vulnerable,c1,adjective,vulnérable,,
wage,b2,noun,salaire,,
wait,a2,noun,attente,,
wait,a1,verb,attendre,,
waiter,a1,noun,serveur,,
wake,a1,verb,réveiller,,
walk,a1,noun,promenade,,
walk,a1,verb,marcher,,
wall,a1,noun,paroi,,
wander,b2,verb,errer,,
want,a1,verb,vouloir,,
war,a2,noun,guerre,,
ward,c1,noun,salle,,
warehouse,c1,noun,entrepôt,,
warfare,c1,noun,guerre,,
warm,a1,adjective,chaud,,
warm,b1,verb,chauffer,,
warming,b2,noun,réchauffement,,
warn,b1,verb,avertir,,
warning,b1,noun,avertissement,,
warrant,c1,noun,mandat de conformité,,
warrant,c1,verb,assurer,,
warrior,c1,noun,guerrier,,
wash,a2,noun,machine,,
wash,a1,verb,se laver,,
washing,a2,noun,linge,,
waste,b1,adjective,inutilisé,,
waste,b1,noun,dégradation,,
waste,b1,verb,gaspiller,,
watch,a1,noun,montre,,
watch,a1,verb,regarder,,
water,a1,noun,eau,,
water,b1,verb,arroser,,
wave,a2,noun,vague,,
wave,b1,verb,onduler,,
way,b2,adverb,très,,
way,a1,noun,manière,,
we,a1,pronoun,nous,,
weak,a2,adjective,faible,,
weaken,c1,verb,s'affaiblir,,
weakness,b2,noun,faiblesse,,
wealth,b2,noun,richesse,,
wealthy,b2,adjective,riche,,
weapon,b1,noun,arme,,
wear,a1,verb,porter,,
weather,a1,noun,temps,,
weave,c1,verb,tisser,,
web,a2,noun,bobine,,
website,a1,noun,site web,,
wedding,a2,noun,mariage,,
wednesday,a1,noun,mercredi,,
weed,c1,noun,herbe,,
week,a1,noun,semaine,,
weekend,a1,noun,fin de semaine,,
weekly,b2,adjective,hebdomadaire,,
weigh,b1,verb,peser,,
weight,a2,noun,poids,,
weird,b2,adjective,bizarre,,
welcome,a1,adjective,bienvenu,,
welcome,a1,exclamation,bienvenue,,
welcome,a2,noun,bienvenue,,
welcome,a1,verb,accueillir,,
welfare,b2,noun,aide sociale,,
well,a1,adjective,bien,,
well,a1,adverb,bien,,
well,a1,exclamation,bien,,
well,c1,noun,puits,,
well-being,c1,noun,bien-être,,
west,a1,adjective,occidental,,
west,a1,adverb,ouest,,
west,a1,noun,ouest,,
western,b1,adjective,occidental,,
wet,a2,adjective,mouillé,,
what,a1,determiner,quoi,,
what,a1,pronoun,quoi,,
whatever,c1,adverb,quoi que,,
whatever,b1,determiner,quoi que,,
whatever,b1,pronoun,n'importe quoi,,
whatsoever,c1,adverb,du tout,,
wheat,b2,noun,blé,,
wheel,a2,noun,roue,,
when,a1,adverb,quand,,
when,a1,conjunction,quand,,
when,a1,pronoun,quand,,
whenever,b1,conjunction,chaque fois que,,
where,a1,adverb,où,,
where,a1,conjunction,où,,
whereas,b2,conjunction,tandis que,,
whereby,c1,adverb,par quoi,,
wherever,b2,conjunction,où que,,
whether,b1,conjunction,que,,
which,a1,determiner,quel,,
which,a1,pronoun,qui,,
while,a2,conjunction,tandis que,,
while,b1,noun,moment,,
whilst,c1,conjunction,tandis que,,
whip,c1,verb,fouetter,,
whisper,b2,noun,chuchotement,,
whisper,b2,verb,chuchoter,,
white,a1,adjective,blanc,,
white,a1,noun,blanc,,
who,a1,pronoun,qui,,
whoever,b2,pronoun,n'importe qui,,
whole,a2,adjective,entier,,
whole,b1,noun,ensemble,,
wholly,c1,adverb,complètement,,
whom,b2,pronoun,qui,,
whose,a2,determiner,dont,,
whose,a2,pronoun,dont,,
why,a1,adverb,pourquoi,,
wide,a2,adjective,large,,
widely,b2,adverb,largement,,
widen,c1,verb,s'élargir,,
widespread,b2,adjective,répandu,,
widow,c1,noun,veuve,,
width,c1,noun,largeur,,
wife,a1,noun,femme,,
wild,a2,adjective,sauvage,,
wildlife,b2,noun,faune,,
will,b1,noun,testament,,
will,a1,modal verb,(futur),,
willing,b2,adjective,volontaire,,
willingness,c1,noun,gré,,
win,b1,noun,gain,,
win,a1,verb,gagner,,
wind,a2,noun,vent,,
wind,b2,verb,souffler,,
window,a1,noun,fenêtre,,
wine,a1,noun,vin,,
wing,b1,noun,aile,,
winner,a2,noun,gagnant,,
winter,a1,noun,hiver,,
wipe,c1,verb,essuyer,,
wire,b2,noun,fil,,
wisdom,b2,noun,sagesse,,
wise,b2,adjective,sage,,
wish,a2,noun,souhait,,
wish,a2,verb,souhaiter,,
wit,c1,noun,petit malin,,
with,a1,preposition,avec,,
withdraw,b2,verb,retirer,,
withdrawal,c1,noun,retrait,,
within,b1,preposition,dans,,
without,a1,preposition,sans,,
witness,b2,noun,témoin,,
witness,b2,verb,témoigner,,
woman,a1,noun,femme,,
wonder,b1,noun,merveille,,
wonder,b1,verb,se demander,,
wonderful,a1,adjective,merveilleux,,
wood,a2,noun,bois,,
wooden,a2,adjective,en bois,,
wool,b1,noun,laine,,
word,a1,noun,mot,,
work,a1,noun,travail,,
work,a1,verb,se travailler,,
worker,a1,noun,ouvrier,,
workforce,b2,noun,main-d'œuvre,,
working,a2,adjective,fonctionnement,,
workout,c1,noun,entraînement,,
workplace,b2,noun,lieu de travail,,
workshop,b2,noun,atelier,,
world,a1,noun,monde,,
worldwide,b1,adjective,mondial,,
worldwide,b1,adverb,dans le monde entier,,
worm,b2,noun,ver,,
worried,a2,adjective,inquiet,,
worry,b1,noun,souci,,
worry,a2,verb,s'inquiéter,,
worse,a2,adjective,pire,,
worse,b1,adverb,pire,,
worse,b2,noun,pire,,
worship,c1,noun,adoration,,
worship,c1,verb,adorer,,
worst,a2,adjective,pire,,
worst,b1,adverb,pire,,
worst,b2,noun,pire,,
worth,b1,adjective,valeur,,
worth,b2,noun,valeur,,
worthwhile,c1,adjective,de valeur,,
worthy,c1,adjective,honorable,,
would,a1,modal verb,(conditionnel),,
wound,b2,noun,blessure,,
wound,b2,verb,blesser,,
wow,a2,exclamation,ouah!,,
wrap,b2,verb,envelopper,,
wrist,b2,noun,poignet,,
write,a1,verb,écrire,,
writer,a1,noun,auteur,,
writing,a1,noun,écriture,,
written,b1,adjective,écrit,,
wrong,a1,adjective,avoir tort,,
wrong,b1,adverb,mal,,
wrong,b2,noun,tort,,
yard,b1,noun,cour,,
yeah,a1,exclamation,ouais,,
year,a1,noun,année,,
yell,c1,verb,crier,,
yellow,a1,adjective,jaune,,
yellow,a1,noun,jaune,,
yes,a1,exclamation,oui,,
yesterday,a1,adverb,hier,,
yesterday,a1,noun,hier,,
yet,a2,adverb,encore,,
yet,b2,conjunction,pourtant,,
yield,c1,noun,rendement,,
yield,c1,verb,céder,,
you,a1,pronoun,vous,,
young,a1,adjective,jeune,,
young,b1,noun,jeune,,
youngster,c1,noun,ado,,
your,a1,determiner,votre,,
yours,a2,pronoun,le vôtre,,
yourself,a1,pronoun,toi-même,,
youth,b1,noun,jeunesse,,
zero,a2,number,zéro,,
zone,b2,noun,zone,,
